0 verbose cli C:\Users\SMG26\.lmstudio\.internal\utils\node.exe C:\Users\SMG26\Downloads\New folder (12)\vibecodepokemontcg2 bionic mirror\tools\package\bin\npm-cli.js
1 info using npm@10.9.2
2 info using node@v25.5.0
3 silly config load:file:C:\Users\SMG26\Downloads\New folder (12)\vibecodepokemontcg2 bionic mirror\tools\package\npmrc
4 silly config load:file:C:\Users\SMG26\Downloads\New folder (12)\vibecodepokemontcg2 bionic mirror\server\.npmrc
5 silly config load:file:C:\Users\SMG26\.npmrc
6 silly config load:file:C:\Users\SMG26\.lmstudio\.internal\utils\etc\npmrc
7 verbose title npm install
8 verbose argv "install" "--no-audit" "--no-fund" "--cache" "C:/Users/SMG26/Downloads/New folder (12)/vibecodepokemontcg2 bionic mirror/tools/.npmcache"
9 verbose logfile logs-max:10 dir:C:\Users\SMG26\Downloads\New folder (12)\vibecodepokemontcg2 bionic mirror\tools\.npmcache\_logs\2026-09-03T15_18_40_221Z-
10 verbose logfile C:\Users\SMG26\Downloads\New folder (12)\vibecodepokemontcg2 bionic mirror\tools\.npmcache\_logs\2026-09-03T15_18_40_221Z-debug-0.log
11 silly logfile done cleaning log files
12 silly packumentCache heap:4496293888 maxSize:1124073472 maxEntrySize:562036736
13 silly idealTree buildDeps
14 silly fetch manifest @socket.io/admin-ui@^0.5.1
15 silly packumentCache full:https://registry.npmjs.org/@socket.io%2fadmin-ui cache-miss
16 http fetch GET 200 https://registry.npmjs.org/@socket.io%2fadmin-ui 885ms (cache miss)
17 silly packumentCache full:https://registry.npmjs.org/@socket.io%2fadmin-ui set size:undefined disposed:false
18 silly fetch manifest socket.io@^4.7.4
19 silly packumentCache full:https://registry.npmjs.org/socket.io cache-miss
20 http fetch GET 200 https://registry.npmjs.org/socket.io 340ms (cache miss)
21 silly packumentCache full:https://registry.npmjs.org/socket.io set size:undefined disposed:false
22 silly fetch manifest bcryptjs@^2.4.3
23 silly packumentCache full:https://registry.npmjs.org/bcryptjs cache-miss
24 http fetch GET 200 https://registry.npmjs.org/bcryptjs 323ms (cache miss)
25 silly packumentCache full:https://registry.npmjs.org/bcryptjs set size:undefined disposed:false
26 silly fetch manifest cors@^2.8.5
27 silly packumentCache full:https://registry.npmjs.org/cors cache-miss
28 http fetch GET 200 https://registry.npmjs.org/cors 39ms (cache miss)
29 silly packumentCache full:https://registry.npmjs.org/cors set size:undefined disposed:false
30 silly fetch manifest dotenv@^16.3.2
31 silly packumentCache full:https://registry.npmjs.org/dotenv cache-miss
32 http fetch GET 200 https://registry.npmjs.org/dotenv 48ms (cache miss)
33 silly packumentCache full:https://registry.npmjs.org/dotenv set size:undefined disposed:false
34 silly fetch manifest ejs@^3.1.10
35 silly packumentCache full:https://registry.npmjs.org/ejs cache-miss
36 http fetch GET 200 https://registry.npmjs.org/ejs 40ms (cache miss)
37 silly packumentCache full:https://registry.npmjs.org/ejs set size:undefined disposed:false
38 silly fetch manifest express@^4.18.2
39 silly packumentCache full:https://registry.npmjs.org/express cache-miss
40 http fetch GET 200 https://registry.npmjs.org/express 62ms (cache miss)
41 silly packumentCache full:https://registry.npmjs.org/express set size:undefined disposed:false
42 silly fetch manifest sqlite3@^5.1.7
43 silly packumentCache full:https://registry.npmjs.org/sqlite3 cache-miss
44 http fetch GET 200 https://registry.npmjs.org/sqlite3 339ms (cache miss)
45 silly packumentCache full:https://registry.npmjs.org/sqlite3 set size:undefined disposed:false
46 silly fetch manifest nodemon@^3.0.2
47 silly packumentCache full:https://registry.npmjs.org/nodemon cache-miss
48 http fetch GET 200 https://registry.npmjs.org/nodemon 360ms (cache miss)
49 silly packumentCache full:https://registry.npmjs.org/nodemon set size:undefined disposed:false
50 silly placeDep ROOT @socket.io/admin-ui@0.5.1 OK for:  want: ^0.5.1
51 silly placeDep ROOT socket.io@4.8.3 OK for: @socket.io/admin-ui@0.5.1 want: >=3.1.0
52 silly placeDep ROOT bcryptjs@2.4.3 OK for:  want: ^2.4.3
53 silly placeDep ROOT cors@2.8.6 OK for:  want: ^2.8.5
54 silly placeDep ROOT dotenv@16.6.1 OK for:  want: ^16.3.2
55 silly placeDep ROOT ejs@3.1.10 OK for:  want: ^3.1.10
56 silly placeDep ROOT express@4.22.2 OK for:  want: ^4.18.2
57 silly placeDep ROOT nodemon@3.1.14 OK for:  want: ^3.0.2
58 silly placeDep ROOT sqlite3@5.1.7 OK for:  want: ^5.1.7
59 silly fetch manifest @types/bcryptjs@^2.4.2
60 silly packumentCache full:https://registry.npmjs.org/@types%2fbcryptjs cache-miss
61 silly fetch manifest debug@~4.3.1
62 silly packumentCache full:https://registry.npmjs.org/debug cache-miss
63 silly fetch manifest accepts@~1.3.4
64 silly packumentCache full:https://registry.npmjs.org/accepts cache-miss
65 silly fetch manifest base64id@~2.0.0
66 silly packumentCache full:https://registry.npmjs.org/base64id cache-miss
67 silly fetch manifest cors@~2.8.5
68 silly packumentCache full:https://registry.npmjs.org/cors cache-miss
69 silly fetch manifest debug@~4.4.1
70 silly packumentCache full:https://registry.npmjs.org/debug cache-miss
71 silly fetch manifest engine.io@~6.6.0
72 silly packumentCache full:https://registry.npmjs.org/engine.io cache-miss
73 silly fetch manifest socket.io-adapter@~2.5.2
74 silly packumentCache full:https://registry.npmjs.org/socket.io-adapter cache-miss
75 silly fetch manifest socket.io-parser@~4.2.4
76 silly packumentCache full:https://registry.npmjs.org/socket.io-parser cache-miss
77 silly fetch manifest object-assign@^4
78 silly packumentCache full:https://registry.npmjs.org/object-assign cache-miss
79 silly fetch manifest vary@^1
80 silly packumentCache full:https://registry.npmjs.org/vary cache-miss
81 silly fetch manifest jake@^10.8.5
82 silly packumentCache full:https://registry.npmjs.org/jake cache-miss
83 silly fetch manifest qs@~6.15.1
84 silly packumentCache full:https://registry.npmjs.org/qs cache-miss
85 silly fetch manifest depd@2.0.0
86 silly packumentCache full:https://registry.npmjs.org/depd cache-miss
87 silly fetch manifest etag@~1.8.1
88 silly packumentCache full:https://registry.npmjs.org/etag cache-miss
89 silly fetch manifest send@~0.19.0
90 silly packumentCache full:https://registry.npmjs.org/send cache-miss
91 silly fetch manifest vary@~1.1.2
92 silly packumentCache full:https://registry.npmjs.org/vary cache-miss
93 silly fetch manifest debug@2.6.9
94 silly packumentCache full:https://registry.npmjs.org/debug cache-miss
95 silly fetch manifest fresh@~0.5.2
96 silly packumentCache full:https://registry.npmjs.org/fresh cache-miss
97 silly fetch manifest cookie@~0.7.1
98 silly packumentCache full:https://registry.npmjs.org/cookie cache-miss
99 silly fetch manifest accepts@~1.3.8
100 silly packumentCache full:https://registry.npmjs.org/accepts cache-miss
101 silly fetch manifest methods@~1.1.2
102 silly packumentCache full:https://registry.npmjs.org/methods cache-miss
103 silly fetch manifest type-is@~1.6.18
104 silly packumentCache full:https://registry.npmjs.org/type-is cache-miss
105 http cache https://registry.npmjs.org/cors 21ms (cache hit)
106 silly packumentCache full:https://registry.npmjs.org/cors set size:77956 disposed:false
107 silly fetch manifest parseurl@~1.3.3
108 silly packumentCache full:https://registry.npmjs.org/parseurl cache-miss
109 http fetch GET 200 https://registry.npmjs.org/vary 120ms (cache miss)
110 silly packumentCache full:https://registry.npmjs.org/vary set size:undefined disposed:false
111 silly fetch manifest statuses@~2.0.1
112 silly packumentCache full:https://registry.npmjs.org/statuses cache-miss
113 http fetch GET 200 https://registry.npmjs.org/debug 126ms (cache miss)
114 silly packumentCache full:https://registry.npmjs.org/debug set size:undefined disposed:false
115 silly fetch manifest encodeurl@~2.0.0
116 silly packumentCache full:https://registry.npmjs.org/encodeurl cache-miss
117 http fetch GET 200 https://registry.npmjs.org/depd 127ms (cache miss)
118 silly packumentCache full:https://registry.npmjs.org/depd set size:undefined disposed:false
119 silly fetch manifest proxy-addr@~2.0.7
120 silly packumentCache full:https://registry.npmjs.org/proxy-addr cache-miss
121 http fetch GET 200 https://registry.npmjs.org/send 129ms (cache miss)
122 silly packumentCache full:https://registry.npmjs.org/send set size:undefined disposed:false
123 silly fetch manifest body-parser@~1.20.5
124 silly packumentCache full:https://registry.npmjs.org/body-parser cache-miss
125 http fetch GET 200 https://registry.npmjs.org/vary 146ms (cache miss)
126 silly packumentCache full:https://registry.npmjs.org/vary set size:undefined disposed:false
127 silly fetch manifest escape-html@~1.0.3
128 silly packumentCache full:https://registry.npmjs.org/escape-html cache-miss
129 http fetch GET 200 https://registry.npmjs.org/debug 154ms (cache miss)
130 silly packumentCache full:https://registry.npmjs.org/debug set size:undefined disposed:false
131 silly fetch manifest http-errors@~2.0.0
132 silly packumentCache full:https://registry.npmjs.org/http-errors cache-miss
133 http fetch GET 200 https://registry.npmjs.org/debug 159ms (cache miss)
134 silly packumentCache full:https://registry.npmjs.org/debug set size:undefined disposed:false
135 silly fetch manifest on-finished@~2.4.1
136 silly packumentCache full:https://registry.npmjs.org/on-finished cache-miss
137 http fetch GET 200 https://registry.npmjs.org/fresh 162ms (cache miss)
138 silly packumentCache full:https://registry.npmjs.org/fresh set size:undefined disposed:false
139 silly fetch manifest safe-buffer@5.2.1
140 silly packumentCache full:https://registry.npmjs.org/safe-buffer cache-miss
141 http fetch GET 200 https://registry.npmjs.org/accepts 312ms (cache miss)
142 silly packumentCache full:https://registry.npmjs.org/accepts set size:undefined disposed:false
143 silly fetch manifest utils-merge@1.0.1
144 silly packumentCache full:https://registry.npmjs.org/utils-merge cache-miss
145 http fetch GET 200 https://registry.npmjs.org/etag 387ms (cache miss)
146 silly packumentCache full:https://registry.npmjs.org/etag set size:undefined disposed:false
147 silly fetch manifest content-type@~1.0.4
148 silly packumentCache full:https://registry.npmjs.org/content-type cache-miss
149 http fetch GET 200 https://registry.npmjs.org/object-assign 391ms (cache miss)
150 silly packumentCache full:https://registry.npmjs.org/object-assign set size:undefined disposed:false
151 silly fetch manifest finalhandler@~1.3.1
152 silly packumentCache full:https://registry.npmjs.org/finalhandler cache-miss
153 http fetch GET 200 https://registry.npmjs.org/socket.io-adapter 394ms (cache miss)
154 silly packumentCache full:https://registry.npmjs.org/socket.io-adapter set size:undefined disposed:false
155 silly fetch manifest range-parser@~1.2.1
156 silly packumentCache full:https://registry.npmjs.org/range-parser cache-miss
157 http fetch GET 200 https://registry.npmjs.org/base64id 399ms (cache miss)
158 silly packumentCache full:https://registry.npmjs.org/base64id set size:undefined disposed:false
159 silly fetch manifest serve-static@~1.16.2
160 silly packumentCache full:https://registry.npmjs.org/serve-static cache-miss
161 http fetch GET 200 https://registry.npmjs.org/jake 403ms (cache miss)
162 silly packumentCache full:https://registry.npmjs.org/jake set size:undefined disposed:false
163 silly fetch manifest array-flatten@1.1.1
164 silly packumentCache full:https://registry.npmjs.org/array-flatten cache-miss
165 http fetch GET 200 https://registry.npmjs.org/encodeurl 291ms (cache miss)
166 silly packumentCache full:https://registry.npmjs.org/encodeurl set size:undefined disposed:false
167 silly fetch manifest path-to-regexp@~0.1.12
168 silly packumentCache full:https://registry.npmjs.org/path-to-regexp cache-miss
169 http fetch GET 200 https://registry.npmjs.org/socket.io-parser 429ms (cache miss)
170 silly packumentCache full:https://registry.npmjs.org/socket.io-parser set size:undefined disposed:false
171 silly fetch manifest setprototypeof@1.2.0
172 silly packumentCache full:https://registry.npmjs.org/setprototypeof cache-miss
173 http fetch GET 200 https://registry.npmjs.org/body-parser 300ms (cache miss)
174 silly packumentCache full:https://registry.npmjs.org/body-parser set size:undefined disposed:false
175 silly fetch manifest cookie-signature@~1.0.6
176 silly packumentCache full:https://registry.npmjs.org/cookie-signature cache-miss
177 http fetch GET 200 https://registry.npmjs.org/engine.io 438ms (cache miss)
178 silly packumentCache full:https://registry.npmjs.org/engine.io set size:undefined disposed:false
179 silly fetch manifest merge-descriptors@1.0.3
180 silly packumentCache full:https://registry.npmjs.org/merge-descriptors cache-miss
181 http fetch GET 200 https://registry.npmjs.org/qs 448ms (cache miss)
182 silly packumentCache full:https://registry.npmjs.org/qs set size:undefined disposed:false
183 silly fetch manifest content-disposition@~0.5.4
184 silly packumentCache full:https://registry.npmjs.org/content-disposition cache-miss
185 http fetch GET 200 https://registry.npmjs.org/cookie 453ms (cache miss)
186 silly packumentCache full:https://registry.npmjs.org/cookie set size:undefined disposed:false
187 silly fetch manifest debug@^4
188 silly packumentCache full:https://registry.npmjs.org/debug cache-miss
189 http fetch GET 200 https://registry.npmjs.org/accepts 455ms (cache miss)
190 silly packumentCache full:https://registry.npmjs.org/accepts set size:undefined disposed:false
191 silly fetch manifest touch@^3.1.0
192 silly packumentCache full:https://registry.npmjs.org/touch cache-miss
193 http fetch GET 200 https://registry.npmjs.org/utils-merge 149ms (cache miss)
194 silly packumentCache full:https://registry.npmjs.org/utils-merge set size:undefined disposed:false
195 silly fetch manifest semver@^7.5.3
196 silly packumentCache full:https://registry.npmjs.org/semver cache-miss
197 http cache https://registry.npmjs.org/debug 6ms (cache hit)
198 silly packumentCache full:https://registry.npmjs.org/debug set size:195840 disposed:false
199 silly fetch manifest chokidar@^3.5.2
200 silly packumentCache full:https://registry.npmjs.org/chokidar cache-miss
201 http fetch GET 200 https://registry.npmjs.org/content-type 94ms (cache miss)
202 silly packumentCache full:https://registry.npmjs.org/content-type set size:undefined disposed:false
203 silly fetch manifest minimatch@^10.2.1
204 silly packumentCache full:https://registry.npmjs.org/minimatch cache-miss
205 http fetch GET 200 https://registry.npmjs.org/methods 483ms (cache miss)
206 silly packumentCache full:https://registry.npmjs.org/methods set size:undefined disposed:false
207 silly fetch manifest undefsafe@^2.0.5
208 silly packumentCache full:https://registry.npmjs.org/undefsafe cache-miss
209 http fetch GET 200 https://registry.npmjs.org/type-is 484ms (cache miss)
210 silly packumentCache full:https://registry.npmjs.org/type-is set size:undefined disposed:false
211 silly fetch manifest pstree.remy@^1.1.8
212 silly packumentCache full:https://registry.npmjs.org/pstree.remy cache-miss
213 http fetch GET 200 https://registry.npmjs.org/parseurl 469ms (cache miss)
214 silly packumentCache full:https://registry.npmjs.org/parseurl set size:undefined disposed:false
215 silly fetch manifest supports-color@^5.5.0
216 silly packumentCache full:https://registry.npmjs.org/supports-color cache-miss
217 http fetch GET 200 https://registry.npmjs.org/range-parser 98ms (cache miss)
218 silly packumentCache full:https://registry.npmjs.org/range-parser set size:undefined disposed:false
219 silly fetch manifest ignore-by-default@^1.0.1
220 silly packumentCache full:https://registry.npmjs.org/ignore-by-default cache-miss
221 http fetch GET 200 https://registry.npmjs.org/finalhandler 101ms (cache miss)
222 silly packumentCache full:https://registry.npmjs.org/finalhandler set size:undefined disposed:false
223 silly fetch manifest simple-update-notifier@^2.0.0
224 silly packumentCache full:https://registry.npmjs.org/simple-update-notifier cache-miss
225 http fetch GET 200 https://registry.npmjs.org/serve-static 98ms (cache miss)
226 silly packumentCache full:https://registry.npmjs.org/serve-static set size:undefined disposed:false
227 silly fetch manifest tar@^6.1.11
228 silly packumentCache full:https://registry.npmjs.org/tar cache-miss
229 http fetch GET 200 https://registry.npmjs.org/setprototypeof 78ms (cache miss)
230 silly packumentCache full:https://registry.npmjs.org/setprototypeof set size:undefined disposed:false
231 silly fetch manifest bindings@^1.5.0
232 silly packumentCache full:https://registry.npmjs.org/bindings cache-miss
233 http fetch GET 200 https://registry.npmjs.org/cookie-signature 76ms (cache miss)
234 silly packumentCache full:https://registry.npmjs.org/cookie-signature set size:undefined disposed:false
235 silly fetch manifest node-addon-api@^7.0.0
236 silly packumentCache full:https://registry.npmjs.org/node-addon-api cache-miss
237 http fetch GET 200 https://registry.npmjs.org/path-to-regexp 93ms (cache miss)
238 silly packumentCache full:https://registry.npmjs.org/path-to-regexp set size:undefined disposed:false
239 silly fetch manifest prebuild-install@^7.1.1
240 silly packumentCache full:https://registry.npmjs.org/prebuild-install cache-miss
241 http fetch GET 200 https://registry.npmjs.org/merge-descriptors 78ms (cache miss)
242 silly packumentCache full:https://registry.npmjs.org/merge-descriptors set size:undefined disposed:false
243 silly fetch manifest node-gyp@8.x
244 silly packumentCache full:https://registry.npmjs.org/node-gyp cache-miss
245 http fetch GET 200 https://registry.npmjs.org/semver 66ms (cache miss)
246 silly packumentCache full:https://registry.npmjs.org/semver set size:undefined disposed:false
247 http fetch GET 200 https://registry.npmjs.org/pstree.remy 58ms (cache miss)
248 silly packumentCache full:https://registry.npmjs.org/pstree.remy set size:undefined disposed:false
249 http fetch GET 200 https://registry.npmjs.org/chokidar 86ms (cache miss)
250 silly packumentCache full:https://registry.npmjs.org/chokidar set size:undefined disposed:false
251 http fetch GET 200 https://registry.npmjs.org/minimatch 79ms (cache miss)
252 silly packumentCache full:https://registry.npmjs.org/minimatch set size:undefined disposed:false
253 http fetch GET 200 https://registry.npmjs.org/supports-color 76ms (cache miss)
254 silly packumentCache full:https://registry.npmjs.org/supports-color set size:undefined disposed:false
255 http fetch GET 200 https://registry.npmjs.org/statuses 462ms (cache miss)
256 silly packumentCache full:https://registry.npmjs.org/statuses set size:undefined disposed:false
257 http fetch GET 200 https://registry.npmjs.org/tar 118ms (cache miss)
258 silly packumentCache full:https://registry.npmjs.org/tar set size:undefined disposed:false
259 http fetch GET 200 https://registry.npmjs.org/node-addon-api 112ms (cache miss)
260 silly packumentCache full:https://registry.npmjs.org/node-addon-api set size:undefined disposed:false
261 http fetch GET 200 https://registry.npmjs.org/@types%2fbcryptjs 635ms (cache miss)
262 silly packumentCache full:https://registry.npmjs.org/@types%2fbcryptjs set size:undefined disposed:false
263 http fetch GET 200 https://registry.npmjs.org/http-errors 563ms (cache miss)
264 silly packumentCache full:https://registry.npmjs.org/http-errors set size:undefined disposed:false
265 http fetch GET 200 https://registry.npmjs.org/proxy-addr 600ms (cache miss)
266 silly packumentCache full:https://registry.npmjs.org/proxy-addr set size:undefined disposed:false
267 http fetch GET 200 https://registry.npmjs.org/on-finished 568ms (cache miss)
268 silly packumentCache full:https://registry.npmjs.org/on-finished set size:undefined disposed:false
269 http fetch GET 200 https://registry.npmjs.org/escape-html 598ms (cache miss)
270 silly packumentCache full:https://registry.npmjs.org/escape-html set size:undefined disposed:false
271 http fetch GET 200 https://registry.npmjs.org/safe-buffer 582ms (cache miss)
272 silly packumentCache full:https://registry.npmjs.org/safe-buffer set size:undefined disposed:false
273 http fetch GET 200 https://registry.npmjs.org/content-disposition 339ms (cache miss)
274 silly packumentCache full:https://registry.npmjs.org/content-disposition set size:undefined disposed:false
275 http fetch GET 200 https://registry.npmjs.org/array-flatten 386ms (cache miss)
276 silly packumentCache full:https://registry.npmjs.org/array-flatten set size:undefined disposed:false
277 http fetch GET 200 https://registry.npmjs.org/touch 344ms (cache miss)
278 silly packumentCache full:https://registry.npmjs.org/touch set size:undefined disposed:false
279 http fetch GET 200 https://registry.npmjs.org/undefsafe 343ms (cache miss)
280 silly packumentCache full:https://registry.npmjs.org/undefsafe set size:undefined disposed:false
281 http fetch GET 200 https://registry.npmjs.org/ignore-by-default 357ms (cache miss)
282 silly packumentCache full:https://registry.npmjs.org/ignore-by-default set size:undefined disposed:false
283 http fetch GET 200 https://registry.npmjs.org/bindings 361ms (cache miss)
284 silly packumentCache full:https://registry.npmjs.org/bindings set size:undefined disposed:false
285 http fetch GET 200 https://registry.npmjs.org/simple-update-notifier 403ms (cache miss)
286 silly packumentCache full:https://registry.npmjs.org/simple-update-notifier set size:undefined disposed:false
287 http fetch GET 200 https://registry.npmjs.org/prebuild-install 392ms (cache miss)
288 silly packumentCache full:https://registry.npmjs.org/prebuild-install set size:undefined disposed:false
289 http fetch GET 200 https://registry.npmjs.org/node-gyp 440ms (cache miss)
290 silly packumentCache full:https://registry.npmjs.org/node-gyp set size:undefined disposed:false
291 silly placeDep ROOT @types/bcryptjs@2.4.6 OK for: @socket.io/admin-ui@0.5.1 want: ^2.4.2
292 silly placeDep ROOT debug@4.3.7 OK for: @socket.io/admin-ui@0.5.1 want: ~4.3.1
293 silly fetch manifest ms@^2.1.3
294 silly packumentCache full:https://registry.npmjs.org/ms cache-miss
295 http fetch GET 200 https://registry.npmjs.org/ms 43ms (cache miss)
296 silly packumentCache full:https://registry.npmjs.org/ms set size:undefined disposed:false
297 silly placeDep ROOT object-assign@4.1.1 OK for: cors@2.8.6 want: ^4
298 silly placeDep ROOT vary@1.1.2 OK for: cors@2.8.6 want: ^1
299 silly placeDep ROOT ms@2.1.3 OK for: debug@4.3.7 want: ^2.1.3
300 silly placeDep ROOT jake@10.9.4 OK for: ejs@3.1.10 want: ^10.8.5
301 silly fetch manifest async@^3.2.6
302 silly packumentCache full:https://registry.npmjs.org/async cache-miss
303 silly fetch manifest filelist@^1.0.4
304 silly packumentCache full:https://registry.npmjs.org/filelist cache-miss
305 silly fetch manifest picocolors@^1.1.1
306 silly packumentCache full:https://registry.npmjs.org/picocolors cache-miss
307 http fetch GET 200 https://registry.npmjs.org/picocolors 62ms (cache miss)
308 silly packumentCache full:https://registry.npmjs.org/picocolors set size:undefined disposed:false
309 http fetch GET 200 https://registry.npmjs.org/async 78ms (cache miss)
310 silly packumentCache full:https://registry.npmjs.org/async set size:undefined disposed:false
311 http fetch GET 200 https://registry.npmjs.org/filelist 345ms (cache miss)
312 silly packumentCache full:https://registry.npmjs.org/filelist set size:undefined disposed:false
313 silly placeDep ROOT accepts@1.3.8 OK for: express@4.22.2 want: ~1.3.8
314 silly placeDep ROOT array-flatten@1.1.1 OK for: express@4.22.2 want: 1.1.1
315 silly placeDep ROOT body-parser@1.20.6 OK for: express@4.22.2 want: ~1.20.5
316 silly placeDep ROOT content-disposition@0.5.4 OK for: express@4.22.2 want: ~0.5.4
317 silly placeDep ROOT content-type@1.0.5 OK for: express@4.22.2 want: ~1.0.4
318 silly placeDep ROOT cookie@0.7.2 OK for: express@4.22.2 want: ~0.7.1
319 silly placeDep ROOT cookie-signature@1.0.7 OK for: express@4.22.2 want: ~1.0.6
320 silly placeDep node_modules/express debug@2.6.9 OK for: express@4.22.2 want: 2.6.9
321 silly placeDep ROOT depd@2.0.0 OK for: express@4.22.2 want: 2.0.0
322 silly placeDep ROOT encodeurl@2.0.0 OK for: express@4.22.2 want: ~2.0.0
323 silly placeDep ROOT escape-html@1.0.3 OK for: express@4.22.2 want: ~1.0.3
324 silly placeDep ROOT etag@1.8.1 OK for: express@4.22.2 want: ~1.8.1
325 silly placeDep ROOT finalhandler@1.3.2 OK for: express@4.22.2 want: ~1.3.1
326 silly placeDep ROOT fresh@0.5.2 OK for: express@4.22.2 want: ~0.5.2
327 silly placeDep ROOT http-errors@2.0.1 OK for: express@4.22.2 want: ~2.0.0
328 silly placeDep ROOT merge-descriptors@1.0.3 OK for: express@4.22.2 want: 1.0.3
329 silly placeDep ROOT methods@1.1.2 OK for: express@4.22.2 want: ~1.1.2
330 silly placeDep ROOT on-finished@2.4.1 OK for: express@4.22.2 want: ~2.4.1
331 silly placeDep ROOT parseurl@1.3.3 OK for: express@4.22.2 want: ~1.3.3
332 silly placeDep ROOT path-to-regexp@0.1.13 OK for: express@4.22.2 want: ~0.1.12
333 silly placeDep ROOT proxy-addr@2.0.7 OK for: express@4.22.2 want: ~2.0.7
334 silly placeDep ROOT qs@6.15.3 OK for: express@4.22.2 want: ~6.15.1
335 silly placeDep ROOT range-parser@1.2.1 OK for: express@4.22.2 want: ~1.2.1
336 silly placeDep ROOT safe-buffer@5.2.1 OK for: express@4.22.2 want: 5.2.1
337 silly placeDep ROOT send@0.19.2 OK for: express@4.22.2 want: ~0.19.0
338 silly placeDep ROOT serve-static@1.16.3 OK for: express@4.22.2 want: ~1.16.2
339 silly placeDep ROOT setprototypeof@1.2.0 OK for: express@4.22.2 want: 1.2.0
340 silly placeDep ROOT statuses@2.0.2 OK for: express@4.22.2 want: ~2.0.1
341 silly placeDep ROOT type-is@1.6.18 OK for: express@4.22.2 want: ~1.6.18
342 silly placeDep ROOT utils-merge@1.0.1 OK for: express@4.22.2 want: 1.0.1
343 silly fetch manifest mime-types@~2.1.34
344 silly packumentCache full:https://registry.npmjs.org/mime-types cache-miss
345 silly fetch manifest negotiator@0.6.3
346 silly packumentCache full:https://registry.npmjs.org/negotiator cache-miss
347 silly fetch manifest bytes@~3.1.2
348 silly packumentCache full:https://registry.npmjs.org/bytes cache-miss
349 silly fetch manifest unpipe@~1.0.0
350 silly packumentCache full:https://registry.npmjs.org/unpipe cache-miss
351 silly fetch manifest destroy@~1.2.0
352 silly packumentCache full:https://registry.npmjs.org/destroy cache-miss
353 silly fetch manifest raw-body@~2.5.3
354 silly packumentCache full:https://registry.npmjs.org/raw-body cache-miss
355 silly fetch manifest iconv-lite@~0.4.24
356 silly packumentCache full:https://registry.npmjs.org/iconv-lite cache-miss
357 silly fetch manifest http-errors@~2.0.1
358 silly packumentCache full:https://registry.npmjs.org/http-errors cache-miss
359 silly fetch manifest content-type@~1.0.5
360 silly packumentCache full:https://registry.npmjs.org/content-type cache-miss
361 silly fetch manifest ms@2.0.0
362 silly packumentCache full:https://registry.npmjs.org/ms cache-miss
363 silly fetch manifest unpipe@~1.0.0
364 silly packumentCache full:https://registry.npmjs.org/unpipe cache-miss
365 silly fetch manifest statuses@~2.0.2
366 silly packumentCache full:https://registry.npmjs.org/statuses cache-miss
367 silly fetch manifest inherits@~2.0.4
368 silly packumentCache full:https://registry.npmjs.org/inherits cache-miss
369 silly fetch manifest setprototypeof@~1.2.0
370 silly packumentCache full:https://registry.npmjs.org/setprototypeof cache-miss
371 silly fetch manifest statuses@~2.0.2
372 silly packumentCache full:https://registry.npmjs.org/statuses cache-miss
373 silly fetch manifest toidentifier@~1.0.1
374 silly packumentCache full:https://registry.npmjs.org/toidentifier cache-miss
375 silly fetch manifest ee-first@1.1.1
376 silly packumentCache full:https://registry.npmjs.org/ee-first cache-miss
377 silly fetch manifest forwarded@0.2.0
378 silly packumentCache full:https://registry.npmjs.org/forwarded cache-miss
379 silly fetch manifest ipaddr.js@1.9.1
380 silly packumentCache full:https://registry.npmjs.org/ipaddr.js cache-miss
381 silly fetch manifest side-channel@^1.1.1
382 silly packumentCache full:https://registry.npmjs.org/side-channel cache-miss
383 silly fetch manifest es-define-property@^1.0.1
384 silly packumentCache full:https://registry.npmjs.org/es-define-property cache-miss
385 silly fetch manifest mime@1.6.0
386 silly packumentCache full:https://registry.npmjs.org/mime cache-miss
387 silly fetch manifest destroy@1.2.0
388 silly packumentCache full:https://registry.npmjs.org/destroy cache-miss
389 http cache https://registry.npmjs.org/http-errors 22ms (cache hit)
390 silly packumentCache full:https://registry.npmjs.org/http-errors set size:71987 disposed:false
391 silly fetch manifest statuses@~2.0.2
392 silly packumentCache full:https://registry.npmjs.org/statuses cache-miss
393 http cache https://registry.npmjs.org/content-type 23ms (cache hit)
394 silly packumentCache full:https://registry.npmjs.org/content-type set size:23936 disposed:false
395 silly fetch manifest mime-types@~2.1.24
396 silly packumentCache full:https://registry.npmjs.org/mime-types cache-miss
397 http cache https://registry.npmjs.org/statuses 24ms (cache hit)
398 silly packumentCache full:https://registry.npmjs.org/statuses set size:37117 disposed:false
399 silly fetch manifest media-typer@0.3.0
400 silly packumentCache full:https://registry.npmjs.org/media-typer cache-miss
401 http cache https://registry.npmjs.org/ms 26ms (cache hit)
402 silly packumentCache full:https://registry.npmjs.org/ms set size:92208 disposed:false
403 http cache https://registry.npmjs.org/setprototypeof 26ms (cache hit)
404 silly packumentCache full:https://registry.npmjs.org/setprototypeof set size:14532 disposed:false
405 http cache https://registry.npmjs.org/statuses 25ms (cache hit)
406 silly packumentCache full:https://registry.npmjs.org/statuses set size:37117 disposed:false
407 silly packumentCache full:https://registry.npmjs.org/statuses dispose
408 http cache https://registry.npmjs.org/statuses 9ms (cache hit)
409 silly packumentCache full:https://registry.npmjs.org/statuses set size:37117 disposed:true
410 silly packumentCache full:https://registry.npmjs.org/statuses dispose
411 http fetch GET 200 https://registry.npmjs.org/destroy 58ms (cache miss)
412 silly packumentCache full:https://registry.npmjs.org/destroy set size:undefined disposed:false
413 http fetch GET 200 https://registry.npmjs.org/forwarded 55ms (cache miss)
414 silly packumentCache full:https://registry.npmjs.org/forwarded set size:undefined disposed:false
415 http fetch GET 200 https://registry.npmjs.org/ee-first 58ms (cache miss)
416 silly packumentCache full:https://registry.npmjs.org/ee-first set size:undefined disposed:false
417 http fetch GET 200 https://registry.npmjs.org/side-channel 57ms (cache miss)
418 silly packumentCache full:https://registry.npmjs.org/side-channel set size:undefined disposed:false
419 http fetch GET 200 https://registry.npmjs.org/inherits 62ms (cache miss)
420 silly packumentCache full:https://registry.npmjs.org/inherits set size:undefined disposed:false
421 http fetch GET 200 https://registry.npmjs.org/es-define-property 59ms (cache miss)
422 silly packumentCache full:https://registry.npmjs.org/es-define-property set size:undefined disposed:false
423 http fetch GET 200 https://registry.npmjs.org/raw-body 65ms (cache miss)
424 silly packumentCache full:https://registry.npmjs.org/raw-body set size:undefined disposed:false
425 http fetch GET 200 https://registry.npmjs.org/negotiator 68ms (cache miss)
426 silly packumentCache full:https://registry.npmjs.org/negotiator set size:undefined disposed:false
427 http fetch GET 200 https://registry.npmjs.org/iconv-lite 68ms (cache miss)
428 silly packumentCache full:https://registry.npmjs.org/iconv-lite set size:undefined disposed:false
429 http fetch GET 200 https://registry.npmjs.org/mime-types 71ms (cache miss)
430 silly packumentCache full:https://registry.npmjs.org/mime-types set size:undefined disposed:false
431 http fetch GET 200 https://registry.npmjs.org/ipaddr.js 73ms (cache miss)
432 silly packumentCache full:https://registry.npmjs.org/ipaddr.js set size:undefined disposed:false
433 http fetch GET 200 https://registry.npmjs.org/destroy 77ms (cache miss)
434 silly packumentCache full:https://registry.npmjs.org/destroy set size:undefined disposed:false
435 http fetch GET 200 https://registry.npmjs.org/mime-types 60ms (cache miss)
436 silly packumentCache full:https://registry.npmjs.org/mime-types set size:undefined disposed:false
437 http fetch GET 200 https://registry.npmjs.org/media-typer 62ms (cache miss)
438 silly packumentCache full:https://registry.npmjs.org/media-typer set size:undefined disposed:false
439 http fetch GET 200 https://registry.npmjs.org/mime 86ms (cache miss)
440 silly packumentCache full:https://registry.npmjs.org/mime set size:undefined disposed:false
441 http fetch GET 200 https://registry.npmjs.org/toidentifier 309ms (cache miss)
442 silly packumentCache full:https://registry.npmjs.org/toidentifier set size:undefined disposed:false
443 http fetch GET 200 https://registry.npmjs.org/bytes 324ms (cache miss)
444 silly packumentCache full:https://registry.npmjs.org/bytes set size:undefined disposed:false
445 http fetch GET 200 https://registry.npmjs.org/unpipe 330ms (cache miss)
446 silly packumentCache full:https://registry.npmjs.org/unpipe set size:undefined disposed:false
447 http fetch GET 200 https://registry.npmjs.org/unpipe 333ms (cache miss)
448 silly packumentCache full:https://registry.npmjs.org/unpipe set size:undefined disposed:false
449 silly placeDep ROOT mime-types@2.1.35 OK for: accepts@1.3.8 want: ~2.1.34
450 silly placeDep ROOT negotiator@0.6.3 OK for: accepts@1.3.8 want: 0.6.3
451 silly fetch manifest mime-db@1.52.0
452 silly packumentCache full:https://registry.npmjs.org/mime-db cache-miss
453 http fetch GET 200 https://registry.npmjs.org/mime-db 45ms (cache miss)
454 silly packumentCache full:https://registry.npmjs.org/mime-db set size:undefined disposed:false
455 silly placeDep ROOT bytes@3.1.2 OK for: body-parser@1.20.6 want: ~3.1.2
456 silly placeDep node_modules/body-parser debug@2.6.9 OK for: body-parser@1.20.6 want: 2.6.9
457 silly placeDep ROOT destroy@1.2.0 OK for: body-parser@1.20.6 want: ~1.2.0
458 silly placeDep ROOT iconv-lite@0.4.24 OK for: body-parser@1.20.6 want: ~0.4.24
459 silly placeDep ROOT raw-body@2.5.3 OK for: body-parser@1.20.6 want: ~2.5.3
460 silly placeDep ROOT unpipe@1.0.0 OK for: body-parser@1.20.6 want: ~1.0.0
461 silly fetch manifest safer-buffer@>= 2.1.2 < 3
462 silly packumentCache full:https://registry.npmjs.org/safer-buffer cache-miss
463 http fetch GET 200 https://registry.npmjs.org/safer-buffer 39ms (cache miss)
464 silly packumentCache full:https://registry.npmjs.org/safer-buffer set size:undefined disposed:false
465 silly placeDep node_modules/finalhandler debug@2.6.9 OK for: finalhandler@1.3.2 want: 2.6.9
466 silly placeDep ROOT inherits@2.0.4 OK for: http-errors@2.0.1 want: ~2.0.4
467 silly placeDep ROOT toidentifier@1.0.1 OK for: http-errors@2.0.1 want: ~1.0.1
468 silly placeDep ROOT safer-buffer@2.1.2 OK for: iconv-lite@0.4.24 want: >= 2.1.2 < 3
469 silly placeDep ROOT async@3.2.6 OK for: jake@10.9.4 want: ^3.2.6
470 silly placeDep ROOT filelist@1.0.6 OK for: jake@10.9.4 want: ^1.0.4
471 silly placeDep ROOT picocolors@1.1.1 OK for: jake@10.9.4 want: ^1.1.1
472 silly fetch manifest minimatch@^5.0.1
473 silly packumentCache full:https://registry.npmjs.org/minimatch cache-miss
474 http cache https://registry.npmjs.org/minimatch 5ms (cache hit)
475 silly packumentCache full:https://registry.npmjs.org/minimatch set size:377924 disposed:false
476 silly placeDep ROOT minimatch@5.1.9 OK for: filelist@1.0.6 want: ^5.0.1
477 silly fetch manifest brace-expansion@^2.0.1
478 silly packumentCache full:https://registry.npmjs.org/brace-expansion cache-miss
479 http fetch GET 200 https://registry.npmjs.org/brace-expansion 41ms (cache miss)
480 silly packumentCache full:https://registry.npmjs.org/brace-expansion set size:undefined disposed:false
481 silly placeDep ROOT mime-db@1.52.0 OK for: mime-types@2.1.35 want: 1.52.0
482 silly placeDep ROOT brace-expansion@2.1.4 OK for: minimatch@5.1.9 want: ^2.0.1
483 silly fetch manifest balanced-match@^1.0.0
484 silly packumentCache full:https://registry.npmjs.org/balanced-match cache-miss
485 http fetch GET 200 https://registry.npmjs.org/balanced-match 338ms (cache miss)
486 silly packumentCache full:https://registry.npmjs.org/balanced-match set size:undefined disposed:false
487 silly placeDep ROOT balanced-match@1.0.2 OK for: brace-expansion@2.1.4 want: ^1.0.0
488 silly placeDep ROOT chokidar@3.6.0 OK for: nodemon@3.1.14 want: ^3.5.2
489 silly placeDep ROOT ignore-by-default@1.0.1 OK for: nodemon@3.1.14 want: ^1.0.1
490 silly placeDep node_modules/nodemon minimatch@10.2.6 OK for: nodemon@3.1.14 want: ^10.2.1
491 silly placeDep ROOT pstree.remy@1.1.8 OK for: nodemon@3.1.14 want: ^1.1.8
492 silly placeDep ROOT semver@7.8.5 OK for: nodemon@3.1.14 want: ^7.5.3
493 silly placeDep ROOT simple-update-notifier@2.0.0 OK for: nodemon@3.1.14 want: ^2.0.0
494 silly placeDep ROOT supports-color@5.5.0 OK for: nodemon@3.1.14 want: ^5.5.0
495 silly placeDep ROOT touch@3.1.1 OK for: nodemon@3.1.14 want: ^3.1.0
496 silly placeDep ROOT undefsafe@2.0.5 OK for: nodemon@3.1.14 want: ^2.0.5
497 silly fetch manifest braces@~3.0.2
498 silly packumentCache full:https://registry.npmjs.org/braces cache-miss
499 silly fetch manifest is-glob@~4.0.1
500 silly packumentCache full:https://registry.npmjs.org/is-glob cache-miss
501 silly fetch manifest anymatch@~3.1.2
502 silly packumentCache full:https://registry.npmjs.org/anymatch cache-miss
503 silly fetch manifest readdirp@~3.6.0
504 silly packumentCache full:https://registry.npmjs.org/readdirp cache-miss
505 silly fetch manifest glob-parent@~5.1.2
506 silly packumentCache full:https://registry.npmjs.org/glob-parent cache-miss
507 silly fetch manifest is-binary-path@~2.1.0
508 silly packumentCache full:https://registry.npmjs.org/is-binary-path cache-miss
509 silly fetch manifest normalize-path@~3.0.0
510 silly packumentCache full:https://registry.npmjs.org/normalize-path cache-miss
511 silly fetch manifest fsevents@~2.3.2
512 silly packumentCache full:https://registry.npmjs.org/fsevents cache-miss
513 silly fetch manifest brace-expansion@^5.0.8
514 silly packumentCache full:https://registry.npmjs.org/brace-expansion cache-miss
515 silly fetch manifest has-flag@^3.0.0
516 silly packumentCache full:https://registry.npmjs.org/has-flag cache-miss
517 http cache https://registry.npmjs.org/brace-expansion 8ms (cache hit)
518 silly packumentCache full:https://registry.npmjs.org/brace-expansion set size:101024 disposed:false
519 http fetch GET 200 https://registry.npmjs.org/anymatch 42ms (cache miss)
520 silly packumentCache full:https://registry.npmjs.org/anymatch set size:undefined disposed:false
521 http fetch GET 200 https://registry.npmjs.org/is-glob 44ms (cache miss)
522 silly packumentCache full:https://registry.npmjs.org/is-glob set size:undefined disposed:false
523 http fetch GET 200 https://registry.npmjs.org/normalize-path 43ms (cache miss)
524 silly packumentCache full:https://registry.npmjs.org/normalize-path set size:undefined disposed:false
525 http fetch GET 200 https://registry.npmjs.org/glob-parent 45ms (cache miss)
526 silly packumentCache full:https://registry.npmjs.org/glob-parent set size:undefined disposed:false
527 http fetch GET 200 https://registry.npmjs.org/braces 50ms (cache miss)
528 silly packumentCache full:https://registry.npmjs.org/braces set size:undefined disposed:false
529 http fetch GET 200 https://registry.npmjs.org/fsevents 280ms (cache miss)
530 silly packumentCache full:https://registry.npmjs.org/fsevents set size:undefined disposed:false
531 http fetch GET 200 https://registry.npmjs.org/has-flag 319ms (cache miss)
532 silly packumentCache full:https://registry.npmjs.org/has-flag set size:undefined disposed:false
533 http fetch GET 200 https://registry.npmjs.org/is-binary-path 344ms (cache miss)
534 silly packumentCache full:https://registry.npmjs.org/is-binary-path set size:undefined disposed:false
535 http fetch GET 200 https://registry.npmjs.org/readdirp 349ms (cache miss)
536 silly packumentCache full:https://registry.npmjs.org/readdirp set size:undefined disposed:false
537 silly placeDep ROOT anymatch@3.1.3 OK for: chokidar@3.6.0 want: ~3.1.2
538 silly placeDep ROOT braces@3.0.3 OK for: chokidar@3.6.0 want: ~3.0.2
539 silly placeDep ROOT fsevents@2.3.3 OK for: chokidar@3.6.0 want: ~2.3.2
540 silly placeDep ROOT glob-parent@5.1.2 OK for: chokidar@3.6.0 want: ~5.1.2
541 silly placeDep ROOT is-binary-path@2.1.0 OK for: chokidar@3.6.0 want: ~2.1.0
542 silly placeDep ROOT is-glob@4.0.3 OK for: chokidar@3.6.0 want: ~4.0.1
543 silly placeDep ROOT normalize-path@3.0.0 OK for: chokidar@3.6.0 want: ~3.0.0
544 silly placeDep ROOT readdirp@3.6.0 OK for: chokidar@3.6.0 want: ~3.6.0
545 silly fetch manifest picomatch@^2.0.4
546 silly packumentCache full:https://registry.npmjs.org/picomatch cache-miss
547 silly fetch manifest normalize-path@^3.0.0
548 silly packumentCache full:https://registry.npmjs.org/normalize-path cache-miss
549 silly fetch manifest fill-range@^7.1.1
550 silly packumentCache full:https://registry.npmjs.org/fill-range cache-miss
551 silly fetch manifest is-glob@^4.0.1
552 silly packumentCache full:https://registry.npmjs.org/is-glob cache-miss
553 silly fetch manifest binary-extensions@^2.0.0
554 silly packumentCache full:https://registry.npmjs.org/binary-extensions cache-miss
555 silly fetch manifest is-extglob@^2.1.1
556 silly packumentCache full:https://registry.npmjs.org/is-extglob cache-miss
557 silly fetch manifest picomatch@^2.2.1
558 silly packumentCache full:https://registry.npmjs.org/picomatch cache-miss
559 http cache https://registry.npmjs.org/is-glob 8ms (cache hit)
560 silly packumentCache full:https://registry.npmjs.org/is-glob set size:40530 disposed:false
561 http cache https://registry.npmjs.org/normalize-path 9ms (cache hit)
562 silly packumentCache full:https://registry.npmjs.org/normalize-path set size:28713 disposed:false
563 http fetch GET 200 https://registry.npmjs.org/fill-range 47ms (cache miss)
564 silly packumentCache full:https://registry.npmjs.org/fill-range set size:undefined disposed:false
565 http fetch GET 200 https://registry.npmjs.org/is-extglob 47ms (cache miss)
566 silly packumentCache full:https://registry.npmjs.org/is-extglob set size:undefined disposed:false
567 http fetch GET 200 https://registry.npmjs.org/binary-extensions 48ms (cache miss)
568 silly packumentCache full:https://registry.npmjs.org/binary-extensions set size:undefined disposed:false
569 http fetch GET 200 https://registry.npmjs.org/picomatch 49ms (cache miss)
570 silly packumentCache full:https://registry.npmjs.org/picomatch set size:undefined disposed:false
571 http fetch GET 200 https://registry.npmjs.org/picomatch 51ms (cache miss)
572 silly packumentCache full:https://registry.npmjs.org/picomatch set size:undefined disposed:false
573 silly placeDep ROOT picomatch@2.3.2 OK for: anymatch@3.1.3 want: ^2.0.4
574 silly placeDep ROOT fill-range@7.1.1 OK for: braces@3.0.3 want: ^7.1.1
575 silly fetch manifest to-regex-range@^5.0.1
576 silly packumentCache full:https://registry.npmjs.org/to-regex-range cache-miss
577 http fetch GET 200 https://registry.npmjs.org/to-regex-range 40ms (cache miss)
578 silly packumentCache full:https://registry.npmjs.org/to-regex-range set size:undefined disposed:false
579 silly placeDep ROOT to-regex-range@5.0.1 OK for: fill-range@7.1.1 want: ^5.0.1
580 silly fetch manifest is-number@^7.0.0
581 silly packumentCache full:https://registry.npmjs.org/is-number cache-miss
582 http fetch GET 200 https://registry.npmjs.org/is-number 38ms (cache miss)
583 silly packumentCache full:https://registry.npmjs.org/is-number set size:undefined disposed:false
584 silly placeDep ROOT binary-extensions@2.3.0 OK for: is-binary-path@2.1.0 want: ^2.0.0
585 silly placeDep ROOT is-extglob@2.1.1 OK for: is-glob@4.0.3 want: ^2.1.1
586 silly placeDep ROOT ee-first@1.1.1 OK for: on-finished@2.4.1 want: 1.1.1
587 silly placeDep ROOT forwarded@0.2.0 OK for: proxy-addr@2.0.7 want: 0.2.0
588 silly placeDep ROOT ipaddr.js@1.9.1 OK for: proxy-addr@2.0.7 want: 1.9.1
589 silly placeDep ROOT es-define-property@1.0.1 OK for: qs@6.15.3 want: ^1.0.1
590 silly placeDep ROOT side-channel@1.1.1 OK for: qs@6.15.3 want: ^1.1.1
591 silly fetch manifest es-errors@^1.3.0
592 silly packumentCache full:https://registry.npmjs.org/es-errors cache-miss
593 silly fetch manifest object-inspect@^1.13.4
594 silly packumentCache full:https://registry.npmjs.org/object-inspect cache-miss
595 silly fetch manifest side-channel-list@^1.0.1
596 silly packumentCache full:https://registry.npmjs.org/side-channel-list cache-miss
597 silly fetch manifest side-channel-map@^1.0.1
598 silly packumentCache full:https://registry.npmjs.org/side-channel-map cache-miss
599 silly fetch manifest side-channel-weakmap@^1.0.2
600 silly packumentCache full:https://registry.npmjs.org/side-channel-weakmap cache-miss
601 http fetch GET 200 https://registry.npmjs.org/es-errors 40ms (cache miss)
602 silly packumentCache full:https://registry.npmjs.org/es-errors set size:undefined disposed:false
603 http fetch GET 200 https://registry.npmjs.org/side-channel-map 41ms (cache miss)
604 silly packumentCache full:https://registry.npmjs.org/side-channel-map set size:undefined disposed:false
605 http fetch GET 200 https://registry.npmjs.org/object-inspect 43ms (cache miss)
606 silly packumentCache full:https://registry.npmjs.org/object-inspect set size:undefined disposed:false
607 http fetch GET 200 https://registry.npmjs.org/side-channel-weakmap 311ms (cache miss)
608 silly packumentCache full:https://registry.npmjs.org/side-channel-weakmap set size:undefined disposed:false
609 http fetch GET 200 https://registry.npmjs.org/side-channel-list 320ms (cache miss)
610 silly packumentCache full:https://registry.npmjs.org/side-channel-list set size:undefined disposed:false
611 silly placeDep node_modules/send debug@2.6.9 OK for: send@0.19.2 want: 2.6.9
612 silly placeDep ROOT mime@1.6.0 OK for: send@0.19.2 want: 1.6.0
613 silly placeDep ROOT es-errors@1.3.0 OK for: side-channel@1.1.1 want: ^1.3.0
614 silly placeDep ROOT object-inspect@1.13.4 OK for: side-channel@1.1.1 want: ^1.13.4
615 silly placeDep ROOT side-channel-list@1.0.1 OK for: side-channel@1.1.1 want: ^1.0.1
616 silly placeDep ROOT side-channel-map@1.0.1 OK for: side-channel@1.1.1 want: ^1.0.1
617 silly placeDep ROOT side-channel-weakmap@1.0.2 OK for: side-channel@1.1.1 want: ^1.0.2
618 silly fetch manifest call-bound@^1.0.2
619 silly packumentCache full:https://registry.npmjs.org/call-bound cache-miss
620 silly fetch manifest get-intrinsic@^1.2.5
621 silly packumentCache full:https://registry.npmjs.org/get-intrinsic cache-miss
622 silly fetch manifest call-bound@^1.0.2
623 silly packumentCache full:https://registry.npmjs.org/call-bound cache-miss
624 silly fetch manifest get-intrinsic@^1.2.5
625 silly packumentCache full:https://registry.npmjs.org/get-intrinsic cache-miss
626 http fetch GET 200 https://registry.npmjs.org/get-intrinsic 41ms (cache miss)
627 silly packumentCache full:https://registry.npmjs.org/get-intrinsic set size:undefined disposed:false
628 http fetch GET 200 https://registry.npmjs.org/get-intrinsic 43ms (cache miss)
629 silly packumentCache full:https://registry.npmjs.org/get-intrinsic set size:undefined disposed:false
630 http fetch GET 200 https://registry.npmjs.org/call-bound 43ms (cache miss)
631 silly packumentCache full:https://registry.npmjs.org/call-bound set size:undefined disposed:false
632 http fetch GET 200 https://registry.npmjs.org/call-bound 45ms (cache miss)
633 silly packumentCache full:https://registry.npmjs.org/call-bound set size:undefined disposed:false
634 silly placeDep ROOT call-bound@1.0.4 OK for: side-channel-map@1.0.1 want: ^1.0.2
635 silly placeDep ROOT get-intrinsic@1.3.0 OK for: side-channel-map@1.0.1 want: ^1.2.5
636 silly fetch manifest call-bind-apply-helpers@^1.0.2
637 silly packumentCache full:https://registry.npmjs.org/call-bind-apply-helpers cache-miss
638 silly fetch manifest get-intrinsic@^1.3.0
639 silly packumentCache full:https://registry.npmjs.org/get-intrinsic cache-miss
640 silly fetch manifest gopd@^1.2.0
641 silly packumentCache full:https://registry.npmjs.org/gopd cache-miss
642 silly fetch manifest hasown@^2.0.2
643 silly packumentCache full:https://registry.npmjs.org/hasown cache-miss
644 silly fetch manifest get-proto@^1.0.1
645 silly packumentCache full:https://registry.npmjs.org/get-proto cache-miss
646 silly fetch manifest has-symbols@^1.1.0
647 silly packumentCache full:https://registry.npmjs.org/has-symbols cache-miss
648 silly fetch manifest function-bind@^1.1.2
649 silly packumentCache full:https://registry.npmjs.org/function-bind cache-miss
650 silly fetch manifest es-object-atoms@^1.1.1
651 silly packumentCache full:https://registry.npmjs.org/es-object-atoms cache-miss
652 silly fetch manifest math-intrinsics@^1.1.0
653 silly packumentCache full:https://registry.npmjs.org/math-intrinsics cache-miss
654 silly fetch manifest call-bind-apply-helpers@^1.0.2
655 silly packumentCache full:https://registry.npmjs.org/call-bind-apply-helpers cache-miss
656 http cache https://registry.npmjs.org/get-intrinsic 11ms (cache hit)
657 silly packumentCache full:https://registry.npmjs.org/get-intrinsic set size:60985 disposed:false
658 http fetch GET 200 https://registry.npmjs.org/gopd 50ms (cache miss)
659 silly packumentCache full:https://registry.npmjs.org/gopd set size:undefined disposed:false
660 http fetch GET 200 https://registry.npmjs.org/call-bind-apply-helpers 49ms (cache miss)
661 silly packumentCache full:https://registry.npmjs.org/call-bind-apply-helpers set size:undefined disposed:false
662 http fetch GET 200 https://registry.npmjs.org/get-proto 51ms (cache miss)
663 silly packumentCache full:https://registry.npmjs.org/get-proto set size:undefined disposed:false
664 http fetch GET 200 https://registry.npmjs.org/call-bind-apply-helpers 51ms (cache miss)
665 silly packumentCache full:https://registry.npmjs.org/call-bind-apply-helpers set size:undefined disposed:false
666 http fetch GET 200 https://registry.npmjs.org/es-object-atoms 51ms (cache miss)
667 silly packumentCache full:https://registry.npmjs.org/es-object-atoms set size:undefined disposed:false
668 http fetch GET 200 https://registry.npmjs.org/has-symbols 52ms (cache miss)
669 silly packumentCache full:https://registry.npmjs.org/has-symbols set size:undefined disposed:false
670 http fetch GET 200 https://registry.npmjs.org/hasown 325ms (cache miss)
671 silly packumentCache full:https://registry.npmjs.org/hasown set size:undefined disposed:false
672 http fetch GET 200 https://registry.npmjs.org/function-bind 328ms (cache miss)
673 silly packumentCache full:https://registry.npmjs.org/function-bind set size:undefined disposed:false
674 http fetch GET 200 https://registry.npmjs.org/math-intrinsics 337ms (cache miss)
675 silly packumentCache full:https://registry.npmjs.org/math-intrinsics set size:undefined disposed:false
676 silly placeDep ROOT call-bind-apply-helpers@1.0.2 OK for: call-bound@1.0.4 want: ^1.0.2
677 silly placeDep ROOT function-bind@1.1.2 OK for: call-bind-apply-helpers@1.0.2 want: ^1.1.2
678 silly placeDep ROOT es-object-atoms@1.1.2 OK for: get-intrinsic@1.3.0 want: ^1.1.1
679 silly placeDep ROOT get-proto@1.0.1 OK for: get-intrinsic@1.3.0 want: ^1.0.1
680 silly placeDep ROOT gopd@1.2.0 OK for: get-intrinsic@1.3.0 want: ^1.2.0
681 silly placeDep ROOT has-symbols@1.1.0 OK for: get-intrinsic@1.3.0 want: ^1.1.0
682 silly placeDep ROOT hasown@2.0.4 OK for: get-intrinsic@1.3.0 want: ^2.0.2
683 silly placeDep ROOT math-intrinsics@1.1.0 OK for: get-intrinsic@1.3.0 want: ^1.1.0
684 silly fetch manifest dunder-proto@^1.0.1
685 silly packumentCache full:https://registry.npmjs.org/dunder-proto cache-miss
686 http fetch GET 200 https://registry.npmjs.org/dunder-proto 278ms (cache miss)
687 silly packumentCache full:https://registry.npmjs.org/dunder-proto set size:undefined disposed:false
688 silly placeDep ROOT dunder-proto@1.0.1 OK for: get-proto@1.0.1 want: ^1.0.1
689 silly placeDep ROOT base64id@2.0.0 OK for: socket.io@4.8.3 want: ~2.0.0
690 silly placeDep node_modules/socket.io debug@4.4.3 OK for: socket.io@4.8.3 want: ~4.4.1
691 silly placeDep ROOT engine.io@6.6.10 OK for: socket.io@4.8.3 want: ~6.6.0
692 silly placeDep ROOT socket.io-adapter@2.5.8 OK for: socket.io@4.8.3 want: ~2.5.2
693 silly placeDep ROOT socket.io-parser@4.2.7 OK for: socket.io@4.8.3 want: ~4.2.4
694 silly fetch manifest ws@~8.21.0
695 silly packumentCache full:https://registry.npmjs.org/ws cache-miss
696 silly fetch manifest @types/ws@^8.5.12
697 silly packumentCache full:https://registry.npmjs.org/@types%2fws cache-miss
698 silly fetch manifest @types/cors@^2.8.12
699 silly packumentCache full:https://registry.npmjs.org/@types%2fcors cache-miss
700 silly fetch manifest @types/node@>=10.0.0
701 silly packumentCache full:https://registry.npmjs.org/@types%2fnode cache-miss
702 silly fetch manifest engine.io-parser@~5.2.1
703 silly packumentCache full:https://registry.npmjs.org/engine.io-parser cache-miss
704 silly fetch manifest ws@~8.21.0
705 silly packumentCache full:https://registry.npmjs.org/ws cache-miss
706 silly fetch manifest @socket.io/component-emitter@~3.1.0
707 silly packumentCache full:https://registry.npmjs.org/@socket.io%2fcomponent-emitter cache-miss
708 http fetch GET 200 https://registry.npmjs.org/ws 57ms (cache miss)
709 silly packumentCache full:https://registry.npmjs.org/ws set size:undefined disposed:false
710 http fetch GET 200 https://registry.npmjs.org/ws 69ms (cache miss)
711 silly packumentCache full:https://registry.npmjs.org/ws set size:undefined disposed:false
712 http fetch GET 200 https://registry.npmjs.org/@types%2fnode 263ms (cache miss)
713 silly packumentCache full:https://registry.npmjs.org/@types%2fnode set size:undefined disposed:false
714 http fetch GET 200 https://registry.npmjs.org/engine.io-parser 330ms (cache miss)
715 silly packumentCache full:https://registry.npmjs.org/engine.io-parser set size:undefined disposed:false
716 http fetch GET 200 https://registry.npmjs.org/@types%2fcors 596ms (cache miss)
717 silly packumentCache full:https://registry.npmjs.org/@types%2fcors set size:undefined disposed:false
718 http fetch GET 200 https://registry.npmjs.org/@types%2fws 627ms (cache miss)
719 silly packumentCache full:https://registry.npmjs.org/@types%2fws set size:undefined disposed:false
720 http fetch GET 200 https://registry.npmjs.org/@socket.io%2fcomponent-emitter 783ms (cache miss)
721 silly packumentCache full:https://registry.npmjs.org/@socket.io%2fcomponent-emitter set size:undefined disposed:false
722 silly fetch manifest bufferutil@^4.0.1
723 silly packumentCache full:https://registry.npmjs.org/bufferutil cache-miss
724 http fetch GET 200 https://registry.npmjs.org/bufferutil 38ms (cache miss)
725 silly packumentCache full:https://registry.npmjs.org/bufferutil set size:undefined disposed:false
726 silly fetch manifest utf-8-validate@>=5.0.2
727 silly packumentCache full:https://registry.npmjs.org/utf-8-validate cache-miss
728 http fetch GET 200 https://registry.npmjs.org/utf-8-validate 38ms (cache miss)
729 silly packumentCache full:https://registry.npmjs.org/utf-8-validate set size:undefined disposed:false
730 silly placeDep ROOT @types/cors@2.8.19 OK for: engine.io@6.6.10 want: ^2.8.12
731 silly placeDep ROOT @types/node@26.4.1 OK for: engine.io@6.6.10 want: >=10.0.0
732 silly placeDep ROOT @types/ws@8.18.1 OK for: engine.io@6.6.10 want: ^8.5.12
733 silly placeDep node_modules/engine.io debug@4.4.3 OK for: engine.io@6.6.10 want: ~4.4.1
734 silly placeDep ROOT engine.io-parser@5.2.3 OK for: engine.io@6.6.10 want: ~5.2.1
735 silly placeDep ROOT ws@8.21.3 OK for: engine.io@6.6.10 want: ~8.21.0
736 silly fetch manifest @types/node@*
737 silly packumentCache full:https://registry.npmjs.org/@types%2fnode cache-miss
738 silly fetch manifest undici-types@~8.3.0
739 silly packumentCache full:https://registry.npmjs.org/undici-types cache-miss
740 http cache https://registry.npmjs.org/@types%2fnode 17ms (cache hit)
741 silly packumentCache full:https://registry.npmjs.org/@types%2fnode set size:11100097 disposed:false
742 http fetch GET 200 https://registry.npmjs.org/undici-types 361ms (cache miss)
743 silly packumentCache full:https://registry.npmjs.org/undici-types set size:undefined disposed:false
744 silly placeDep ROOT undici-types@8.3.0 OK for: @types/node@26.4.1 want: ~8.3.0
745 silly placeDep node_modules/socket.io-adapter debug@4.4.3 OK for: socket.io-adapter@2.5.8 want: ~4.4.1
746 silly placeDep ROOT @socket.io/component-emitter@3.1.2 OK for: socket.io-parser@4.2.7 want: ~3.1.0
747 silly placeDep node_modules/socket.io-parser debug@4.4.3 OK for: socket.io-parser@4.2.7 want: ~4.4.1
748 silly placeDep ROOT bindings@1.5.0 OK for: sqlite3@5.1.7 want: ^1.5.0
749 silly placeDep ROOT node-addon-api@7.1.1 OK for: sqlite3@5.1.7 want: ^7.0.0
750 silly placeDep ROOT node-gyp@8.4.1 OK for: sqlite3@5.1.7 want: 8.x
751 silly placeDep ROOT prebuild-install@7.1.3 OK for: sqlite3@5.1.7 want: ^7.1.1
752 silly placeDep ROOT tar@6.2.1 OK for: sqlite3@5.1.7 want: ^6.1.11
753 silly fetch manifest file-uri-to-path@1.0.0
754 silly packumentCache full:https://registry.npmjs.org/file-uri-to-path cache-miss
755 silly fetch manifest tar@^6.1.2
756 silly packumentCache full:https://registry.npmjs.org/tar cache-miss
757 silly fetch manifest glob@^7.1.4
758 silly packumentCache full:https://registry.npmjs.org/glob cache-miss
759 silly fetch manifest nopt@^5.0.0
760 silly packumentCache full:https://registry.npmjs.org/nopt cache-miss
761 silly fetch manifest which@^2.0.2
762 silly packumentCache full:https://registry.npmjs.org/which cache-miss
763 silly fetch manifest npmlog@^6.0.0
764 silly packumentCache full:https://registry.npmjs.org/npmlog cache-miss
765 silly fetch manifest rimraf@^3.0.2
766 silly packumentCache full:https://registry.npmjs.org/rimraf cache-miss
767 silly fetch manifest env-paths@^2.2.0
768 silly packumentCache full:https://registry.npmjs.org/env-paths cache-miss
769 silly fetch manifest graceful-fs@^4.2.6
770 silly packumentCache full:https://registry.npmjs.org/graceful-fs cache-miss
771 silly fetch manifest make-fetch-happen@^9.1.0
772 silly packumentCache full:https://registry.npmjs.org/make-fetch-happen cache-miss
773 silly fetch manifest rc@^1.2.7
774 silly packumentCache full:https://registry.npmjs.org/rc cache-miss
775 silly fetch manifest pump@^3.0.0
776 silly packumentCache full:https://registry.npmjs.org/pump cache-miss
777 silly fetch manifest tar-fs@^2.0.0
778 silly packumentCache full:https://registry.npmjs.org/tar-fs cache-miss
779 silly fetch manifest minimist@^1.2.3
780 silly packumentCache full:https://registry.npmjs.org/minimist cache-miss
781 silly fetch manifest node-abi@^3.3.0
782 silly packumentCache full:https://registry.npmjs.org/node-abi cache-miss
783 silly fetch manifest simple-get@^4.0.0
784 silly packumentCache full:https://registry.npmjs.org/simple-get cache-miss
785 silly fetch manifest detect-libc@^2.0.0
786 silly packumentCache full:https://registry.npmjs.org/detect-libc cache-miss
787 silly fetch manifest tunnel-agent@^0.6.0
788 silly packumentCache full:https://registry.npmjs.org/tunnel-agent cache-miss
789 silly fetch manifest mkdirp-classic@^0.5.3
790 silly packumentCache full:https://registry.npmjs.org/mkdirp-classic cache-miss
791 silly fetch manifest expand-template@^2.0.3
792 silly packumentCache full:https://registry.npmjs.org/expand-template cache-miss
793 silly fetch manifest napi-build-utils@^2.0.0
794 silly packumentCache full:https://registry.npmjs.org/napi-build-utils cache-miss
795 silly fetch manifest github-from-package@0.0.0
796 silly packumentCache full:https://registry.npmjs.org/github-from-package cache-miss
797 silly fetch manifest chownr@^2.0.0
798 silly packumentCache full:https://registry.npmjs.org/chownr cache-miss
799 http cache https://registry.npmjs.org/tar 15ms (cache hit)
800 silly packumentCache full:https://registry.npmjs.org/tar set size:591769 disposed:false
801 silly fetch manifest mkdirp@^1.0.3
802 silly packumentCache full:https://registry.npmjs.org/mkdirp cache-miss
803 http fetch GET 200 https://registry.npmjs.org/pump 50ms (cache miss)
804 silly packumentCache full:https://registry.npmjs.org/pump set size:undefined disposed:false
805 silly fetch manifest yallist@^4.0.0
806 silly packumentCache full:https://registry.npmjs.org/yallist cache-miss
807 http fetch GET 200 https://registry.npmjs.org/which 55ms (cache miss)
808 silly packumentCache full:https://registry.npmjs.org/which set size:undefined disposed:false
809 silly fetch manifest minipass@^5.0.0
810 silly packumentCache full:https://registry.npmjs.org/minipass cache-miss
811 http fetch GET 200 https://registry.npmjs.org/env-paths 56ms (cache miss)
812 silly packumentCache full:https://registry.npmjs.org/env-paths set size:undefined disposed:false
813 silly fetch manifest minizlib@^2.1.1
814 silly packumentCache full:https://registry.npmjs.org/minizlib cache-miss
815 http fetch GET 200 https://registry.npmjs.org/rc 58ms (cache miss)
816 silly packumentCache full:https://registry.npmjs.org/rc set size:undefined disposed:false
817 silly fetch manifest fs-minipass@^2.0.0
818 silly packumentCache full:https://registry.npmjs.org/fs-minipass cache-miss
819 http fetch GET 200 https://registry.npmjs.org/minimist 59ms (cache miss)
820 silly packumentCache full:https://registry.npmjs.org/minimist set size:undefined disposed:false
821 http fetch GET 200 https://registry.npmjs.org/graceful-fs 62ms (cache miss)
822 silly packumentCache full:https://registry.npmjs.org/graceful-fs set size:undefined disposed:false
823 http fetch GET 200 https://registry.npmjs.org/rimraf 63ms (cache miss)
824 silly packumentCache full:https://registry.npmjs.org/rimraf set size:undefined disposed:false
825 http fetch GET 200 https://registry.npmjs.org/node-abi 73ms (cache miss)
826 silly packumentCache full:https://registry.npmjs.org/node-abi set size:undefined disposed:false
827 http fetch GET 200 https://registry.npmjs.org/glob 80ms (cache miss)
828 silly packumentCache full:https://registry.npmjs.org/glob set size:undefined disposed:false
829 http fetch GET 200 https://registry.npmjs.org/detect-libc 85ms (cache miss)
830 silly packumentCache full:https://registry.npmjs.org/detect-libc set size:undefined disposed:false
831 http fetch GET 200 https://registry.npmjs.org/mkdirp-classic 86ms (cache miss)
832 silly packumentCache full:https://registry.npmjs.org/mkdirp-classic set size:undefined disposed:false
833 http fetch GET 200 https://registry.npmjs.org/expand-template 86ms (cache miss)
834 silly packumentCache full:https://registry.npmjs.org/expand-template set size:undefined disposed:false
835 http fetch GET 200 https://registry.npmjs.org/github-from-package 87ms (cache miss)
836 silly packumentCache full:https://registry.npmjs.org/github-from-package set size:undefined disposed:false
837 http fetch GET 200 https://registry.npmjs.org/chownr 87ms (cache miss)
838 silly packumentCache full:https://registry.npmjs.org/chownr set size:undefined disposed:false
839 http fetch GET 200 https://registry.npmjs.org/napi-build-utils 88ms (cache miss)
840 silly packumentCache full:https://registry.npmjs.org/napi-build-utils set size:undefined disposed:false
841 http fetch GET 200 https://registry.npmjs.org/fs-minipass 93ms (cache miss)
842 silly packumentCache full:https://registry.npmjs.org/fs-minipass set size:undefined disposed:false
843 http fetch GET 200 https://registry.npmjs.org/yallist 103ms (cache miss)
844 silly packumentCache full:https://registry.npmjs.org/yallist set size:undefined disposed:false
845 http fetch GET 200 https://registry.npmjs.org/minipass 101ms (cache miss)
846 silly packumentCache full:https://registry.npmjs.org/minipass set size:undefined disposed:false
847 http fetch GET 200 https://registry.npmjs.org/mkdirp 149ms (cache miss)
848 silly packumentCache full:https://registry.npmjs.org/mkdirp set size:undefined disposed:false
849 http fetch GET 200 https://registry.npmjs.org/npmlog 382ms (cache miss)
850 silly packumentCache full:https://registry.npmjs.org/npmlog set size:undefined disposed:false
851 http fetch GET 200 https://registry.npmjs.org/file-uri-to-path 399ms (cache miss)
852 silly packumentCache full:https://registry.npmjs.org/file-uri-to-path set size:undefined disposed:false
853 http fetch GET 200 https://registry.npmjs.org/simple-get 400ms (cache miss)
854 silly packumentCache full:https://registry.npmjs.org/simple-get set size:undefined disposed:false
855 http fetch GET 200 https://registry.npmjs.org/nopt 404ms (cache miss)
856 silly packumentCache full:https://registry.npmjs.org/nopt set size:undefined disposed:false
857 http fetch GET 200 https://registry.npmjs.org/tar-fs 403ms (cache miss)
858 silly packumentCache full:https://registry.npmjs.org/tar-fs set size:undefined disposed:false
859 http fetch GET 200 https://registry.npmjs.org/tunnel-agent 405ms (cache miss)
860 silly packumentCache full:https://registry.npmjs.org/tunnel-agent set size:undefined disposed:false
861 http fetch GET 200 https://registry.npmjs.org/make-fetch-happen 409ms (cache miss)
862 silly packumentCache full:https://registry.npmjs.org/make-fetch-happen set size:undefined disposed:false
863 http fetch GET 200 https://registry.npmjs.org/minizlib 373ms (cache miss)
864 silly packumentCache full:https://registry.npmjs.org/minizlib set size:undefined disposed:false
865 silly placeDep ROOT file-uri-to-path@1.0.0 OK for: bindings@1.5.0 want: 1.0.0
866 silly placeDep ROOT env-paths@2.2.1 OK for: node-gyp@8.4.1 want: ^2.2.0
867 silly placeDep ROOT glob@7.2.3 OK for: node-gyp@8.4.1 want: ^7.1.4
868 silly placeDep ROOT graceful-fs@4.2.11 OK for: node-gyp@8.4.1 want: ^4.2.6
869 silly placeDep ROOT make-fetch-happen@9.1.0 OK for: node-gyp@8.4.1 want: ^9.1.0
870 silly placeDep ROOT nopt@5.0.0 OK for: node-gyp@8.4.1 want: ^5.0.0
871 silly placeDep ROOT npmlog@6.0.2 OK for: node-gyp@8.4.1 want: ^6.0.0
872 silly placeDep ROOT rimraf@3.0.2 OK for: node-gyp@8.4.1 want: ^3.0.2
873 silly placeDep ROOT which@2.0.2 OK for: node-gyp@8.4.1 want: ^2.0.2
874 silly fetch manifest once@^1.3.0
875 silly packumentCache full:https://registry.npmjs.org/once cache-miss
876 silly fetch manifest inflight@^1.0.4
877 silly packumentCache full:https://registry.npmjs.org/inflight cache-miss
878 silly fetch manifest minimatch@^3.1.1
879 silly packumentCache full:https://registry.npmjs.org/minimatch cache-hit
880 silly fetch manifest fs.realpath@^1.0.0
881 silly packumentCache full:https://registry.npmjs.org/fs.realpath cache-miss
882 silly fetch manifest path-is-absolute@^1.0.0
883 silly packumentCache full:https://registry.npmjs.org/path-is-absolute cache-miss
884 silly fetch manifest ssri@^8.0.0
885 silly packumentCache full:https://registry.npmjs.org/ssri cache-miss
886 silly fetch manifest cacache@^15.2.0
887 silly packumentCache full:https://registry.npmjs.org/cacache cache-miss
888 silly fetch manifest minipass@^3.1.3
889 silly packumentCache full:https://registry.npmjs.org/minipass cache-miss
890 silly fetch manifest is-lambda@^1.0.1
891 silly packumentCache full:https://registry.npmjs.org/is-lambda cache-miss
892 silly fetch manifest lru-cache@^6.0.0
893 silly packumentCache full:https://registry.npmjs.org/lru-cache cache-miss
894 silly fetch manifest promise-retry@^2.0.1
895 silly packumentCache full:https://registry.npmjs.org/promise-retry cache-miss
896 silly fetch manifest agentkeepalive@^4.1.3
897 silly packumentCache full:https://registry.npmjs.org/agentkeepalive cache-miss
898 silly fetch manifest minipass-fetch@^1.3.2
899 silly packumentCache full:https://registry.npmjs.org/minipass-fetch cache-miss
900 silly fetch manifest minipass-flush@^1.0.5
901 silly packumentCache full:https://registry.npmjs.org/minipass-flush cache-miss
902 silly fetch manifest http-proxy-agent@^4.0.1
903 silly packumentCache full:https://registry.npmjs.org/http-proxy-agent cache-miss
904 silly fetch manifest minipass-collect@^1.0.2
905 silly packumentCache full:https://registry.npmjs.org/minipass-collect cache-miss
906 silly fetch manifest https-proxy-agent@^5.0.0
907 silly packumentCache full:https://registry.npmjs.org/https-proxy-agent cache-miss
908 silly fetch manifest minipass-pipeline@^1.2.4
909 silly packumentCache full:https://registry.npmjs.org/minipass-pipeline cache-miss
910 silly fetch manifest socks-proxy-agent@^6.0.0
911 silly packumentCache full:https://registry.npmjs.org/socks-proxy-agent cache-miss
912 silly fetch manifest http-cache-semantics@^4.1.0
913 silly packumentCache full:https://registry.npmjs.org/http-cache-semantics cache-miss
914 silly fetch manifest abbrev@1
915 silly packumentCache full:https://registry.npmjs.org/abbrev cache-miss
916 silly fetch manifest gauge@^4.0.3
917 silly packumentCache full:https://registry.npmjs.org/gauge cache-miss
918 silly fetch manifest set-blocking@^2.0.0
919 silly packumentCache full:https://registry.npmjs.org/set-blocking cache-miss
920 silly fetch manifest are-we-there-yet@^3.0.0
921 silly packumentCache full:https://registry.npmjs.org/are-we-there-yet cache-miss
922 http cache https://registry.npmjs.org/minipass 19ms (cache hit)
923 silly packumentCache full:https://registry.npmjs.org/minipass set size:276925 disposed:false
924 silly fetch manifest console-control-strings@^1.1.0
925 silly packumentCache full:https://registry.npmjs.org/console-control-strings cache-miss
926 http fetch GET 200 https://registry.npmjs.org/fs.realpath 51ms (cache miss)
927 silly packumentCache full:https://registry.npmjs.org/fs.realpath set size:undefined disposed:false
928 silly fetch manifest isexe@^2.0.0
929 silly packumentCache full:https://registry.npmjs.org/isexe cache-miss
930 http fetch GET 200 https://registry.npmjs.org/inflight 56ms (cache miss)
931 silly packumentCache full:https://registry.npmjs.org/inflight set size:undefined disposed:false
932 http fetch GET 200 https://registry.npmjs.org/path-is-absolute 55ms (cache miss)
933 silly packumentCache full:https://registry.npmjs.org/path-is-absolute set size:undefined disposed:false
934 http fetch GET 200 https://registry.npmjs.org/once 57ms (cache miss)
935 silly packumentCache full:https://registry.npmjs.org/once set size:undefined disposed:false
936 http fetch GET 200 https://registry.npmjs.org/promise-retry 55ms (cache miss)
937 silly packumentCache full:https://registry.npmjs.org/promise-retry set size:undefined disposed:false
938 http fetch GET 200 https://registry.npmjs.org/minipass-collect 55ms (cache miss)
939 silly packumentCache full:https://registry.npmjs.org/minipass-collect set size:undefined disposed:false
940 http fetch GET 200 https://registry.npmjs.org/minipass-flush 56ms (cache miss)
941 silly packumentCache full:https://registry.npmjs.org/minipass-flush set size:undefined disposed:false
942 http fetch GET 200 https://registry.npmjs.org/https-proxy-agent 56ms (cache miss)
943 silly packumentCache full:https://registry.npmjs.org/https-proxy-agent set size:undefined disposed:false
944 http fetch GET 200 https://registry.npmjs.org/lru-cache 62ms (cache miss)
945 silly packumentCache full:https://registry.npmjs.org/lru-cache set size:undefined disposed:false
946 http fetch GET 200 https://registry.npmjs.org/cacache 68ms (cache miss)
947 silly packumentCache full:https://registry.npmjs.org/cacache set size:undefined disposed:false
948 http fetch GET 200 https://registry.npmjs.org/http-cache-semantics 78ms (cache miss)
949 silly packumentCache full:https://registry.npmjs.org/http-cache-semantics set size:undefined disposed:false
950 http fetch GET 200 https://registry.npmjs.org/ssri 322ms (cache miss)
951 silly packumentCache full:https://registry.npmjs.org/ssri set size:undefined disposed:false
952 http fetch GET 200 https://registry.npmjs.org/is-lambda 334ms (cache miss)
953 silly packumentCache full:https://registry.npmjs.org/is-lambda set size:undefined disposed:false
954 http fetch GET 200 https://registry.npmjs.org/http-proxy-agent 334ms (cache miss)
955 silly packumentCache full:https://registry.npmjs.org/http-proxy-agent set size:undefined disposed:false
956 http fetch GET 200 https://registry.npmjs.org/agentkeepalive 345ms (cache miss)
957 silly packumentCache full:https://registry.npmjs.org/agentkeepalive set size:undefined disposed:false
958 http fetch GET 200 https://registry.npmjs.org/minipass-fetch 347ms (cache miss)
959 silly packumentCache full:https://registry.npmjs.org/minipass-fetch set size:undefined disposed:false
960 http fetch GET 200 https://registry.npmjs.org/console-control-strings 329ms (cache miss)
961 silly packumentCache full:https://registry.npmjs.org/console-control-strings set size:undefined disposed:false
962 http fetch GET 200 https://registry.npmjs.org/are-we-there-yet 352ms (cache miss)
963 silly packumentCache full:https://registry.npmjs.org/are-we-there-yet set size:undefined disposed:false
964 http fetch GET 200 https://registry.npmjs.org/gauge 364ms (cache miss)
965 silly packumentCache full:https://registry.npmjs.org/gauge set size:undefined disposed:false
966 http fetch GET 200 https://registry.npmjs.org/abbrev 374ms (cache miss)
967 silly packumentCache full:https://registry.npmjs.org/abbrev set size:undefined disposed:false
968 http fetch GET 200 https://registry.npmjs.org/isexe 329ms (cache miss)
969 silly packumentCache full:https://registry.npmjs.org/isexe set size:undefined disposed:false
970 http fetch GET 200 https://registry.npmjs.org/set-blocking 381ms (cache miss)
971 silly packumentCache full:https://registry.npmjs.org/set-blocking set size:undefined disposed:false
972 http fetch GET 200 https://registry.npmjs.org/socks-proxy-agent 385ms (cache miss)
973 silly packumentCache full:https://registry.npmjs.org/socks-proxy-agent set size:undefined disposed:false
974 http fetch GET 200 https://registry.npmjs.org/minipass-pipeline 636ms (cache miss)
975 silly packumentCache full:https://registry.npmjs.org/minipass-pipeline set size:undefined disposed:false
976 silly placeDep ROOT fs.realpath@1.0.0 OK for: glob@7.2.3 want: ^1.0.0
977 silly placeDep ROOT inflight@1.0.6 OK for: glob@7.2.3 want: ^1.0.4
978 silly placeDep node_modules/glob minimatch@3.1.5 OK for: glob@7.2.3 want: ^3.1.1
979 silly placeDep ROOT once@1.4.0 OK for: glob@7.2.3 want: ^1.3.0
980 silly placeDep ROOT path-is-absolute@1.0.1 OK for: glob@7.2.3 want: ^1.0.0
981 silly fetch manifest wrappy@1
982 silly packumentCache full:https://registry.npmjs.org/wrappy cache-miss
983 silly fetch manifest brace-expansion@^1.1.7
984 silly packumentCache full:https://registry.npmjs.org/brace-expansion cache-hit
985 silly fetch manifest wrappy@1
986 silly packumentCache full:https://registry.npmjs.org/wrappy cache-miss
987 http fetch GET 200 https://registry.npmjs.org/wrappy 308ms (cache miss)
988 silly packumentCache full:https://registry.npmjs.org/wrappy set size:undefined disposed:false
989 http fetch GET 200 https://registry.npmjs.org/wrappy 308ms (cache miss)
990 silly packumentCache full:https://registry.npmjs.org/wrappy set size:undefined disposed:false
991 silly placeDep ROOT wrappy@1.0.2 OK for: inflight@1.0.6 want: 1
992 silly placeDep ROOT agentkeepalive@4.6.0 OK for: make-fetch-happen@9.1.0 want: ^4.1.3
993 silly placeDep ROOT cacache@15.3.0 OK for: make-fetch-happen@9.1.0 want: ^15.2.0
994 silly placeDep ROOT http-cache-semantics@4.2.0 OK for: make-fetch-happen@9.1.0 want: ^4.1.0
995 silly placeDep ROOT http-proxy-agent@4.0.1 OK for: make-fetch-happen@9.1.0 want: ^4.0.1
996 silly placeDep ROOT https-proxy-agent@5.0.1 OK for: make-fetch-happen@9.1.0 want: ^5.0.0
997 silly placeDep ROOT is-lambda@1.0.1 OK for: make-fetch-happen@9.1.0 want: ^1.0.1
998 silly placeDep ROOT lru-cache@6.0.0 OK for: make-fetch-happen@9.1.0 want: ^6.0.0
999 silly placeDep ROOT minipass@3.3.6 OK for: make-fetch-happen@9.1.0 want: ^3.1.3
1000 silly placeDep ROOT minipass-collect@1.0.2 OK for: make-fetch-happen@9.1.0 want: ^1.0.2
1001 silly placeDep ROOT minipass-fetch@1.4.1 OK for: make-fetch-happen@9.1.0 want: ^1.3.2
1002 silly placeDep ROOT minipass-flush@1.0.7 OK for: make-fetch-happen@9.1.0 want: ^1.0.5
1003 silly placeDep ROOT minipass-pipeline@1.2.4 OK for: make-fetch-happen@9.1.0 want: ^1.2.4
1004 silly placeDep ROOT promise-retry@2.0.1 OK for: make-fetch-happen@9.1.0 want: ^2.0.1
1005 silly placeDep ROOT socks-proxy-agent@6.2.1 OK for: make-fetch-happen@9.1.0 want: ^6.0.0
1006 silly placeDep ROOT ssri@8.0.1 OK for: make-fetch-happen@9.1.0 want: ^8.0.0
1007 silly fetch manifest humanize-ms@^1.2.1
1008 silly packumentCache full:https://registry.npmjs.org/humanize-ms cache-miss
1009 silly fetch manifest ssri@^8.0.1
1010 silly packumentCache full:https://registry.npmjs.org/ssri cache-miss
1011 silly fetch manifest p-map@^4.0.0
1012 silly packumentCache full:https://registry.npmjs.org/p-map cache-miss
1013 silly fetch manifest minipass@^3.1.1
1014 silly packumentCache full:https://registry.npmjs.org/minipass cache-hit
1015 silly fetch manifest @npmcli/fs@^1.0.0
1016 silly packumentCache full:https://registry.npmjs.org/@npmcli%2ffs cache-miss
1017 silly fetch manifest infer-owner@^1.0.4
1018 silly packumentCache full:https://registry.npmjs.org/infer-owner cache-miss
1019 silly fetch manifest unique-filename@^1.1.1
1020 silly packumentCache full:https://registry.npmjs.org/unique-filename cache-miss
1021 silly fetch manifest promise-inflight@^1.0.1
1022 silly packumentCache full:https://registry.npmjs.org/promise-inflight cache-miss
1023 silly fetch manifest @npmcli/move-file@^1.0.1
1024 silly packumentCache full:https://registry.npmjs.org/@npmcli%2fmove-file cache-miss
1025 silly fetch manifest minipass-pipeline@^1.2.2
1026 silly packumentCache full:https://registry.npmjs.org/minipass-pipeline cache-miss
1027 silly fetch manifest agent-base@6
1028 silly packumentCache full:https://registry.npmjs.org/agent-base cache-miss
1029 silly fetch manifest @tootallnate/once@1
1030 silly packumentCache full:https://registry.npmjs.org/@tootallnate%2fonce cache-miss
1031 silly fetch manifest agent-base@6
1032 silly packumentCache full:https://registry.npmjs.org/agent-base cache-miss
1033 silly fetch manifest minizlib@^2.0.0
1034 silly packumentCache full:https://registry.npmjs.org/minizlib cache-miss
1035 silly fetch manifest minipass-sized@^1.0.3
1036 silly packumentCache full:https://registry.npmjs.org/minipass-sized cache-miss
1037 silly fetch manifest encoding@^0.1.12
1038 silly packumentCache full:https://registry.npmjs.org/encoding cache-miss
1039 silly fetch manifest err-code@^2.0.2
1040 silly packumentCache full:https://registry.npmjs.org/err-code cache-miss
1041 silly fetch manifest retry@^0.12.0
1042 silly packumentCache full:https://registry.npmjs.org/retry cache-miss
1043 silly fetch manifest socks@^2.6.2
1044 silly packumentCache full:https://registry.npmjs.org/socks cache-miss
1045 silly fetch manifest agent-base@^6.0.2
1046 silly packumentCache full:https://registry.npmjs.org/agent-base cache-miss
1047 http cache https://registry.npmjs.org/ssri 18ms (cache hit)
1048 silly packumentCache full:https://registry.npmjs.org/ssri set size:138988 disposed:false
1049 http cache https://registry.npmjs.org/minipass-pipeline 19ms (cache hit)
1050 silly packumentCache full:https://registry.npmjs.org/minipass-pipeline set size:34695 disposed:false
1051 http cache https://registry.npmjs.org/minizlib 18ms (cache hit)
1052 silly packumentCache full:https://registry.npmjs.org/minizlib set size:62862 disposed:false
1053 http fetch GET 200 https://registry.npmjs.org/unique-filename 48ms (cache miss)
1054 silly packumentCache full:https://registry.npmjs.org/unique-filename set size:undefined disposed:false
1055 http fetch GET 200 https://registry.npmjs.org/encoding 47ms (cache miss)
1056 silly packumentCache full:https://registry.npmjs.org/encoding set size:undefined disposed:false
1057 http fetch GET 200 https://registry.npmjs.org/err-code 289ms (cache miss)
1058 silly packumentCache full:https://registry.npmjs.org/err-code set size:undefined disposed:false
1059 http fetch GET 200 https://registry.npmjs.org/p-map 320ms (cache miss)
1060 silly packumentCache full:https://registry.npmjs.org/p-map set size:undefined disposed:false
1061 http fetch GET 200 https://registry.npmjs.org/humanize-ms 333ms (cache miss)
1062 silly packumentCache full:https://registry.npmjs.org/humanize-ms set size:undefined disposed:false
1063 http fetch GET 200 https://registry.npmjs.org/socks 329ms (cache miss)
1064 silly packumentCache full:https://registry.npmjs.org/socks set size:undefined disposed:false
1065 http fetch GET 200 https://registry.npmjs.org/infer-owner 334ms (cache miss)
1066 silly packumentCache full:https://registry.npmjs.org/infer-owner set size:undefined disposed:false
1067 http fetch GET 200 https://registry.npmjs.org/promise-inflight 336ms (cache miss)
1068 silly packumentCache full:https://registry.npmjs.org/promise-inflight set size:undefined disposed:false
1069 http fetch GET 200 https://registry.npmjs.org/retry 348ms (cache miss)
1070 silly packumentCache full:https://registry.npmjs.org/retry set size:undefined disposed:false
1071 http fetch GET 200 https://registry.npmjs.org/agent-base 354ms (cache miss)
1072 silly packumentCache full:https://registry.npmjs.org/agent-base set size:undefined disposed:false
1073 http fetch GET 200 https://registry.npmjs.org/agent-base 356ms (cache miss)
1074 silly packumentCache full:https://registry.npmjs.org/agent-base set size:undefined disposed:false
1075 http fetch GET 200 https://registry.npmjs.org/minipass-sized 355ms (cache miss)
1076 silly packumentCache full:https://registry.npmjs.org/minipass-sized set size:undefined disposed:false
1077 http fetch GET 200 https://registry.npmjs.org/agent-base 354ms (cache miss)
1078 silly packumentCache full:https://registry.npmjs.org/agent-base set size:undefined disposed:false
1079 http fetch GET 200 https://registry.npmjs.org/@tootallnate%2fonce 470ms (cache miss)
1080 silly packumentCache full:https://registry.npmjs.org/@tootallnate%2fonce set size:undefined disposed:false
1081 http fetch GET 200 https://registry.npmjs.org/@npmcli%2ffs 479ms (cache miss)
1082 silly packumentCache full:https://registry.npmjs.org/@npmcli%2ffs set size:undefined disposed:false
1083 http fetch GET 200 https://registry.npmjs.org/@npmcli%2fmove-file 777ms (cache miss)
1084 silly packumentCache full:https://registry.npmjs.org/@npmcli%2fmove-file set size:undefined disposed:false
1085 silly placeDep ROOT humanize-ms@1.2.1 OK for: agentkeepalive@4.6.0 want: ^1.2.1
1086 silly placeDep ROOT @npmcli/fs@1.1.1 OK for: cacache@15.3.0 want: ^1.0.0
1087 silly placeDep ROOT @npmcli/move-file@1.1.2 OK for: cacache@15.3.0 want: ^1.0.1
1088 silly placeDep ROOT chownr@2.0.0 OK for: cacache@15.3.0 want: ^2.0.0
1089 silly placeDep ROOT fs-minipass@2.1.0 OK for: cacache@15.3.0 want: ^2.0.0
1090 silly placeDep ROOT infer-owner@1.0.4 OK for: cacache@15.3.0 want: ^1.0.4
1091 silly placeDep ROOT mkdirp@1.0.4 OK for: cacache@15.3.0 want: ^1.0.3
1092 silly placeDep ROOT p-map@4.0.0 OK for: cacache@15.3.0 want: ^4.0.0
1093 silly placeDep ROOT promise-inflight@1.0.1 OK for: cacache@15.3.0 want: ^1.0.1
1094 silly placeDep ROOT unique-filename@1.1.1 OK for: cacache@15.3.0 want: ^1.1.1
1095 silly fetch manifest @gar/promisify@^1.0.1
1096 silly packumentCache full:https://registry.npmjs.org/@gar%2fpromisify cache-miss
1097 silly fetch manifest mkdirp@^1.0.4
1098 silly packumentCache full:https://registry.npmjs.org/mkdirp cache-miss
1099 silly fetch manifest aggregate-error@^3.0.0
1100 silly packumentCache full:https://registry.npmjs.org/aggregate-error cache-miss
1101 silly fetch manifest unique-slug@^2.0.0
1102 silly packumentCache full:https://registry.npmjs.org/unique-slug cache-miss
1103 http cache https://registry.npmjs.org/mkdirp 6ms (cache hit)
1104 silly packumentCache full:https://registry.npmjs.org/mkdirp set size:116415 disposed:false
1105 http fetch GET 200 https://registry.npmjs.org/unique-slug 36ms (cache miss)
1106 silly packumentCache full:https://registry.npmjs.org/unique-slug set size:undefined disposed:false
1107 http fetch GET 200 https://registry.npmjs.org/aggregate-error 274ms (cache miss)
1108 silly packumentCache full:https://registry.npmjs.org/aggregate-error set size:undefined disposed:false
1109 http fetch GET 200 https://registry.npmjs.org/@gar%2fpromisify 782ms (cache miss)
1110 silly packumentCache full:https://registry.npmjs.org/@gar%2fpromisify set size:undefined disposed:false
1111 silly placeDep ROOT @gar/promisify@1.1.3 OK for: @npmcli/fs@1.1.1 want: ^1.0.1
1112 silly placeDep ROOT @tootallnate/once@1.1.2 OK for: http-proxy-agent@4.0.1 want: 1
1113 silly placeDep ROOT agent-base@6.0.2 OK for: http-proxy-agent@4.0.1 want: 6
1114 silly placeDep ROOT yallist@4.0.0 OK for: lru-cache@6.0.0 want: ^4.0.0
1115 silly placeDep ROOT encoding@0.1.13 OK for: minipass-fetch@1.4.1 want: ^0.1.12
1116 silly placeDep ROOT minipass-sized@1.0.3 OK for: minipass-fetch@1.4.1 want: ^1.0.3
1117 silly placeDep ROOT minizlib@2.1.2 OK for: minipass-fetch@1.4.1 want: ^2.0.0
1118 silly fetch manifest iconv-lite@^0.6.2
1119 silly packumentCache full:https://registry.npmjs.org/iconv-lite cache-miss
1120 http cache https://registry.npmjs.org/iconv-lite 3ms (cache hit)
1121 silly packumentCache full:https://registry.npmjs.org/iconv-lite set size:126462 disposed:false
1122 silly placeDep node_modules/encoding iconv-lite@0.6.3 OK for: encoding@0.1.13 want: ^0.6.2
1123 silly placeDep ROOT abbrev@1.1.1 OK for: nopt@5.0.0 want: 1
1124 silly placeDep ROOT are-we-there-yet@3.0.1 OK for: npmlog@6.0.2 want: ^3.0.0
1125 silly placeDep ROOT console-control-strings@1.1.0 OK for: npmlog@6.0.2 want: ^1.1.0
1126 silly placeDep ROOT gauge@4.0.4 OK for: npmlog@6.0.2 want: ^4.0.3
1127 silly placeDep ROOT set-blocking@2.0.0 OK for: npmlog@6.0.2 want: ^2.0.0
1128 silly fetch manifest delegates@^1.0.0
1129 silly packumentCache full:https://registry.npmjs.org/delegates cache-miss
1130 silly fetch manifest readable-stream@^3.6.0
1131 silly packumentCache full:https://registry.npmjs.org/readable-stream cache-miss
1132 silly fetch manifest aproba@^1.0.3 || ^2.0.0
1133 silly packumentCache full:https://registry.npmjs.org/aproba cache-miss
1134 silly fetch manifest strip-ansi@^6.0.1
1135 silly packumentCache full:https://registry.npmjs.org/strip-ansi cache-miss
1136 silly fetch manifest wide-align@^1.1.5
1137 silly packumentCache full:https://registry.npmjs.org/wide-align cache-miss
1138 silly fetch manifest has-unicode@^2.0.1
1139 silly packumentCache full:https://registry.npmjs.org/has-unicode cache-miss
1140 silly fetch manifest signal-exit@^3.0.7
1141 silly packumentCache full:https://registry.npmjs.org/signal-exit cache-miss
1142 silly fetch manifest string-width@^4.2.3
1143 silly packumentCache full:https://registry.npmjs.org/string-width cache-miss
1144 silly fetch manifest color-support@^1.1.3
1145 silly packumentCache full:https://registry.npmjs.org/color-support cache-miss
1146 http fetch GET 200 https://registry.npmjs.org/string-width 42ms (cache miss)
1147 silly packumentCache full:https://registry.npmjs.org/string-width set size:undefined disposed:false
1148 http fetch GET 200 https://registry.npmjs.org/strip-ansi 43ms (cache miss)
1149 silly packumentCache full:https://registry.npmjs.org/strip-ansi set size:undefined disposed:false
1150 http fetch GET 200 https://registry.npmjs.org/readable-stream 48ms (cache miss)
1151 silly packumentCache full:https://registry.npmjs.org/readable-stream set size:undefined disposed:false
1152 http fetch GET 200 https://registry.npmjs.org/delegates 317ms (cache miss)
1153 silly packumentCache full:https://registry.npmjs.org/delegates set size:undefined disposed:false
1154 http fetch GET 200 https://registry.npmjs.org/color-support 320ms (cache miss)
1155 silly packumentCache full:https://registry.npmjs.org/color-support set size:undefined disposed:false
1156 http fetch GET 200 https://registry.npmjs.org/aproba 324ms (cache miss)
1157 silly packumentCache full:https://registry.npmjs.org/aproba set size:undefined disposed:false
1158 http fetch GET 200 https://registry.npmjs.org/wide-align 329ms (cache miss)
1159 silly packumentCache full:https://registry.npmjs.org/wide-align set size:undefined disposed:false
1160 http fetch GET 200 https://registry.npmjs.org/signal-exit 338ms (cache miss)
1161 silly packumentCache full:https://registry.npmjs.org/signal-exit set size:undefined disposed:false
1162 http fetch GET 200 https://registry.npmjs.org/has-unicode 341ms (cache miss)
1163 silly packumentCache full:https://registry.npmjs.org/has-unicode set size:undefined disposed:false
1164 silly placeDep ROOT delegates@1.0.0 OK for: are-we-there-yet@3.0.1 want: ^1.0.0
1165 silly placeDep ROOT readable-stream@3.6.2 OK for: are-we-there-yet@3.0.1 want: ^3.6.0
1166 silly fetch manifest string_decoder@^1.1.1
1167 silly packumentCache full:https://registry.npmjs.org/string_decoder cache-miss
1168 silly fetch manifest util-deprecate@^1.0.1
1169 silly packumentCache full:https://registry.npmjs.org/util-deprecate cache-miss
1170 http fetch GET 200 https://registry.npmjs.org/util-deprecate 37ms (cache miss)
1171 silly packumentCache full:https://registry.npmjs.org/util-deprecate set size:undefined disposed:false
1172 http fetch GET 200 https://registry.npmjs.org/string_decoder 37ms (cache miss)
1173 silly packumentCache full:https://registry.npmjs.org/string_decoder set size:undefined disposed:false
1174 silly placeDep ROOT aproba@2.1.0 OK for: gauge@4.0.4 want: ^1.0.3 || ^2.0.0
1175 silly placeDep ROOT color-support@1.1.3 OK for: gauge@4.0.4 want: ^1.1.3
1176 silly placeDep ROOT has-unicode@2.0.1 OK for: gauge@4.0.4 want: ^2.0.1
1177 silly placeDep ROOT signal-exit@3.0.7 OK for: gauge@4.0.4 want: ^3.0.7
1178 silly placeDep ROOT string-width@4.2.3 OK for: gauge@4.0.4 want: ^4.2.3
1179 silly placeDep ROOT strip-ansi@6.0.1 OK for: gauge@4.0.4 want: ^6.0.1
1180 silly placeDep ROOT wide-align@1.1.5 OK for: gauge@4.0.4 want: ^1.1.5
1181 silly fetch manifest emoji-regex@^8.0.0
1182 silly packumentCache full:https://registry.npmjs.org/emoji-regex cache-miss
1183 silly fetch manifest is-fullwidth-code-point@^3.0.0
1184 silly packumentCache full:https://registry.npmjs.org/is-fullwidth-code-point cache-miss
1185 silly fetch manifest ansi-regex@^5.0.1
1186 silly packumentCache full:https://registry.npmjs.org/ansi-regex cache-miss
1187 http fetch GET 200 https://registry.npmjs.org/is-fullwidth-code-point 37ms (cache miss)
1188 silly packumentCache full:https://registry.npmjs.org/is-fullwidth-code-point set size:undefined disposed:false
1189 http fetch GET 200 https://registry.npmjs.org/emoji-regex 40ms (cache miss)
1190 silly packumentCache full:https://registry.npmjs.org/emoji-regex set size:undefined disposed:false
1191 http fetch GET 200 https://registry.npmjs.org/ansi-regex 289ms (cache miss)
1192 silly packumentCache full:https://registry.npmjs.org/ansi-regex set size:undefined disposed:false
1193 silly placeDep ROOT aggregate-error@3.1.0 OK for: p-map@4.0.0 want: ^3.0.0
1194 silly fetch manifest clean-stack@^2.0.0
1195 silly packumentCache full:https://registry.npmjs.org/clean-stack cache-miss
1196 silly fetch manifest indent-string@^4.0.0
1197 silly packumentCache full:https://registry.npmjs.org/indent-string cache-miss
1198 http fetch GET 200 https://registry.npmjs.org/indent-string 38ms (cache miss)
1199 silly packumentCache full:https://registry.npmjs.org/indent-string set size:undefined disposed:false
1200 http fetch GET 200 https://registry.npmjs.org/clean-stack 40ms (cache miss)
1201 silly packumentCache full:https://registry.npmjs.org/clean-stack set size:undefined disposed:false
1202 silly placeDep ROOT clean-stack@2.2.0 OK for: aggregate-error@3.1.0 want: ^2.0.0
1203 silly placeDep ROOT indent-string@4.0.0 OK for: aggregate-error@3.1.0 want: ^4.0.0
1204 silly placeDep ROOT detect-libc@2.1.2 OK for: prebuild-install@7.1.3 want: ^2.0.0
1205 silly placeDep ROOT expand-template@2.0.3 OK for: prebuild-install@7.1.3 want: ^2.0.3
1206 silly placeDep ROOT github-from-package@0.0.0 OK for: prebuild-install@7.1.3 want: 0.0.0
1207 silly placeDep ROOT minimist@1.2.8 OK for: prebuild-install@7.1.3 want: ^1.2.3
1208 silly placeDep ROOT mkdirp-classic@0.5.3 OK for: prebuild-install@7.1.3 want: ^0.5.3
1209 silly placeDep ROOT napi-build-utils@2.0.0 OK for: prebuild-install@7.1.3 want: ^2.0.0
1210 silly placeDep ROOT node-abi@3.96.0 OK for: prebuild-install@7.1.3 want: ^3.3.0
1211 silly placeDep ROOT pump@3.0.4 OK for: prebuild-install@7.1.3 want: ^3.0.0
1212 silly placeDep ROOT rc@1.2.8 OK for: prebuild-install@7.1.3 want: ^1.2.7
1213 silly placeDep ROOT simple-get@4.0.1 OK for: prebuild-install@7.1.3 want: ^4.0.0
1214 silly placeDep ROOT tar-fs@2.1.5 OK for: prebuild-install@7.1.3 want: ^2.0.0
1215 silly placeDep ROOT tunnel-agent@0.6.0 OK for: prebuild-install@7.1.3 want: ^0.6.0
1216 silly fetch manifest end-of-stream@^1.1.0
1217 silly packumentCache full:https://registry.npmjs.org/end-of-stream cache-miss
1218 silly fetch manifest ini@~1.3.0
1219 silly packumentCache full:https://registry.npmjs.org/ini cache-miss
1220 silly fetch manifest deep-extend@^0.6.0
1221 silly packumentCache full:https://registry.npmjs.org/deep-extend cache-miss
1222 silly fetch manifest strip-json-comments@~2.0.1
1223 silly packumentCache full:https://registry.npmjs.org/strip-json-comments cache-miss
1224 silly fetch manifest decompress-response@^6.0.0
1225 silly packumentCache full:https://registry.npmjs.org/decompress-response cache-miss
1226 silly fetch manifest simple-concat@^1.0.0
1227 silly packumentCache full:https://registry.npmjs.org/simple-concat cache-miss
1228 silly fetch manifest chownr@^1.1.1
1229 silly packumentCache full:https://registry.npmjs.org/chownr cache-miss
1230 silly fetch manifest tar-stream@^2.1.4
1231 silly packumentCache full:https://registry.npmjs.org/tar-stream cache-miss
1232 http cache https://registry.npmjs.org/chownr 6ms (cache hit)
1233 silly packumentCache full:https://registry.npmjs.org/chownr set size:22157 disposed:false
1234 http fetch GET 200 https://registry.npmjs.org/ini 49ms (cache miss)
1235 silly packumentCache full:https://registry.npmjs.org/ini set size:undefined disposed:false
1236 http fetch GET 200 https://registry.npmjs.org/end-of-stream 51ms (cache miss)
1237 silly packumentCache full:https://registry.npmjs.org/end-of-stream set size:undefined disposed:false
1238 http fetch GET 200 https://registry.npmjs.org/strip-json-comments 52ms (cache miss)
1239 silly packumentCache full:https://registry.npmjs.org/strip-json-comments set size:undefined disposed:false
1240 http fetch GET 200 https://registry.npmjs.org/deep-extend 53ms (cache miss)
1241 silly packumentCache full:https://registry.npmjs.org/deep-extend set size:undefined disposed:false
1242 http fetch GET 200 https://registry.npmjs.org/simple-concat 52ms (cache miss)
1243 silly packumentCache full:https://registry.npmjs.org/simple-concat set size:undefined disposed:false
1244 http fetch GET 200 https://registry.npmjs.org/decompress-response 54ms (cache miss)
1245 silly packumentCache full:https://registry.npmjs.org/decompress-response set size:undefined disposed:false
1246 http fetch GET 200 https://registry.npmjs.org/tar-stream 56ms (cache miss)
1247 silly packumentCache full:https://registry.npmjs.org/tar-stream set size:undefined disposed:false
1248 silly placeDep ROOT err-code@2.0.3 OK for: promise-retry@2.0.1 want: ^2.0.2
1249 silly placeDep ROOT retry@0.12.0 OK for: promise-retry@2.0.1 want: ^0.12.0
1250 silly placeDep ROOT end-of-stream@1.4.5 OK for: pump@3.0.4 want: ^1.1.0
1251 silly placeDep ROOT deep-extend@0.6.0 OK for: rc@1.2.8 want: ^0.6.0
1252 silly placeDep ROOT ini@1.3.8 OK for: rc@1.2.8 want: ~1.3.0
1253 silly placeDep ROOT strip-json-comments@2.0.1 OK for: rc@1.2.8 want: ~2.0.1
1254 silly placeDep ROOT string_decoder@1.3.0 OK for: readable-stream@3.6.2 want: ^1.1.1
1255 silly placeDep ROOT util-deprecate@1.0.2 OK for: readable-stream@3.6.2 want: ^1.0.1
1256 silly placeDep ROOT decompress-response@6.0.0 OK for: simple-get@4.0.1 want: ^6.0.0
1257 silly placeDep ROOT simple-concat@1.0.1 OK for: simple-get@4.0.1 want: ^1.0.0
1258 silly fetch manifest mimic-response@^3.1.0
1259 silly packumentCache full:https://registry.npmjs.org/mimic-response cache-miss
1260 http fetch GET 200 https://registry.npmjs.org/mimic-response 46ms (cache miss)
1261 silly packumentCache full:https://registry.npmjs.org/mimic-response set size:undefined disposed:false
1262 silly placeDep ROOT mimic-response@3.1.0 OK for: decompress-response@6.0.0 want: ^3.1.0
1263 silly placeDep ROOT socks@2.8.10 OK for: socks-proxy-agent@6.2.1 want: ^2.6.2
1264 silly fetch manifest ip-address@^10.1.1
1265 silly packumentCache full:https://registry.npmjs.org/ip-address cache-miss
1266 silly fetch manifest smart-buffer@^4.2.0
1267 silly packumentCache full:https://registry.npmjs.org/smart-buffer cache-miss
1268 http fetch GET 200 https://registry.npmjs.org/smart-buffer 43ms (cache miss)
1269 silly packumentCache full:https://registry.npmjs.org/smart-buffer set size:undefined disposed:false
1270 http fetch GET 200 https://registry.npmjs.org/ip-address 46ms (cache miss)
1271 silly packumentCache full:https://registry.npmjs.org/ip-address set size:undefined disposed:false
1272 silly placeDep ROOT ip-address@10.7.0 OK for: socks@2.8.10 want: ^10.1.1
1273 silly placeDep ROOT smart-buffer@4.2.0 OK for: socks@2.8.10 want: ^4.2.0
1274 silly placeDep ROOT emoji-regex@8.0.0 OK for: string-width@4.2.3 want: ^8.0.0
1275 silly placeDep ROOT is-fullwidth-code-point@3.0.0 OK for: string-width@4.2.3 want: ^3.0.0
1276 silly placeDep ROOT ansi-regex@5.0.1 OK for: strip-ansi@6.0.1 want: ^5.0.1
1277 silly placeDep ROOT has-flag@3.0.0 OK for: supports-color@5.5.0 want: ^3.0.0
1278 silly placeDep node_modules/tar minipass@5.0.0 OK for: tar@6.2.1 want: ^5.0.0
1279 silly placeDep node_modules/tar-fs chownr@1.1.4 OK for: tar-fs@2.1.5 want: ^1.1.1
1280 silly placeDep ROOT tar-stream@2.2.0 OK for: tar-fs@2.1.5 want: ^2.1.4
1281 silly fetch manifest bl@^4.0.3
1282 silly packumentCache full:https://registry.npmjs.org/bl cache-miss
1283 silly fetch manifest fs-constants@^1.0.0
1284 silly packumentCache full:https://registry.npmjs.org/fs-constants cache-miss
1285 http fetch GET 200 https://registry.npmjs.org/bl 44ms (cache miss)
1286 silly packumentCache full:https://registry.npmjs.org/bl set size:undefined disposed:false
1287 http fetch GET 200 https://registry.npmjs.org/fs-constants 342ms (cache miss)
1288 silly packumentCache full:https://registry.npmjs.org/fs-constants set size:undefined disposed:false
1289 silly placeDep ROOT bl@4.1.0 OK for: tar-stream@2.2.0 want: ^4.0.3
1290 silly placeDep ROOT fs-constants@1.0.0 OK for: tar-stream@2.2.0 want: ^1.0.0
1291 silly fetch manifest buffer@^5.5.0
1292 silly packumentCache full:https://registry.npmjs.org/buffer cache-miss
1293 http fetch GET 200 https://registry.npmjs.org/buffer 282ms (cache miss)
1294 silly packumentCache full:https://registry.npmjs.org/buffer set size:undefined disposed:false
1295 silly placeDep ROOT buffer@5.7.1 OK for: bl@4.1.0 want: ^5.5.0
1296 silly fetch manifest base64-js@^1.3.1
1297 silly packumentCache full:https://registry.npmjs.org/base64-js cache-miss
1298 silly fetch manifest ieee754@^1.1.13
1299 silly packumentCache full:https://registry.npmjs.org/ieee754 cache-miss
1300 http fetch GET 200 https://registry.npmjs.org/ieee754 36ms (cache miss)
1301 silly packumentCache full:https://registry.npmjs.org/ieee754 set size:undefined disposed:false
1302 http fetch GET 200 https://registry.npmjs.org/base64-js 323ms (cache miss)
1303 silly packumentCache full:https://registry.npmjs.org/base64-js set size:undefined disposed:false
1304 silly placeDep ROOT base64-js@1.5.1 OK for: buffer@5.7.1 want: ^1.3.1
1305 silly placeDep ROOT ieee754@1.2.1 OK for: buffer@5.7.1 want: ^1.1.13
1306 silly placeDep ROOT is-number@7.0.0 OK for: to-regex-range@5.0.1 want: ^7.0.0
1307 silly placeDep ROOT media-typer@0.3.0 OK for: type-is@1.6.18 want: 0.3.0
1308 silly placeDep ROOT unique-slug@2.0.2 OK for: unique-filename@1.1.1 want: ^2.0.0
1309 silly fetch manifest imurmurhash@^0.1.4
1310 silly packumentCache full:https://registry.npmjs.org/imurmurhash cache-miss
1311 http fetch GET 200 https://registry.npmjs.org/imurmurhash 324ms (cache miss)
1312 silly packumentCache full:https://registry.npmjs.org/imurmurhash set size:undefined disposed:false
1313 silly placeDep ROOT imurmurhash@0.1.4 OK for: unique-slug@2.0.2 want: ^0.1.4
1314 silly placeDep ROOT isexe@2.0.0 OK for: which@2.0.2 want: ^2.0.0
1315 silly placeDep node_modules/body-parser ms@2.0.0 OK for: debug@2.6.9 want: 2.0.0
1316 silly placeDep node_modules/express ms@2.0.0 OK for: debug@2.6.9 want: 2.0.0
1317 silly placeDep node_modules/finalhandler ms@2.0.0 OK for: debug@2.6.9 want: 2.0.0
1318 silly placeDep node_modules/glob brace-expansion@1.1.18 OK for: minimatch@3.1.5 want: ^1.1.7
1319 silly fetch manifest concat-map@0.0.1
1320 silly packumentCache full:https://registry.npmjs.org/concat-map cache-miss
1321 http fetch GET 200 https://registry.npmjs.org/concat-map 37ms (cache miss)
1322 silly packumentCache full:https://registry.npmjs.org/concat-map set size:undefined disposed:false
1323 silly placeDep ROOT concat-map@0.0.1 OK for: brace-expansion@1.1.18 want: 0.0.1
1324 silly placeDep node_modules/nodemon brace-expansion@5.0.9 OK for: minimatch@10.2.6 want: ^5.0.8
1325 silly fetch manifest balanced-match@^4.0.2
1326 silly packumentCache full:https://registry.npmjs.org/balanced-match cache-miss
1327 http cache https://registry.npmjs.org/balanced-match 4ms (cache hit)
1328 silly packumentCache full:https://registry.npmjs.org/balanced-match set size:39082 disposed:false
1329 silly placeDep node_modules/nodemon balanced-match@4.0.4 OK for: brace-expansion@5.0.9 want: ^4.0.2
1330 silly placeDep node_modules/send/node_modules/debug ms@2.0.0 OK for: debug@2.6.9 want: 2.0.0
1331 silly reify moves {}
1332 verbose reify failed optional dependency C:\Users\SMG26\Downloads\New folder (12)\vibecodepokemontcg2 bionic mirror\server\node_modules\fsevents
1333 silly reify mark deleted [
1333 silly reify   'C:\\Users\\SMG26\\Downloads\\New folder (12)\\vibecodepokemontcg2 bionic mirror\\server\\node_modules\\fsevents'
1333 silly reify ]
1334 http cache concat-map@https://registry.npmjs.org/concat-map/-/concat-map-0.0.1.tgz 0ms (cache hit)
1335 http cache isexe@https://registry.npmjs.org/isexe/-/isexe-2.0.0.tgz 0ms (cache hit)
1336 http cache is-number@https://registry.npmjs.org/is-number/-/is-number-7.0.0.tgz 0ms (cache hit)
1337 http cache imurmurhash@https://registry.npmjs.org/imurmurhash/-/imurmurhash-0.1.4.tgz 0ms (cache hit)
1338 http cache unique-slug@https://registry.npmjs.org/unique-slug/-/unique-slug-2.0.2.tgz 0ms (cache hit)
1339 http cache ieee754@https://registry.npmjs.org/ieee754/-/ieee754-1.2.1.tgz 0ms (cache hit)
1340 http cache base64-js@https://registry.npmjs.org/base64-js/-/base64-js-1.5.1.tgz 0ms (cache hit)
1341 http cache media-typer@https://registry.npmjs.org/media-typer/-/media-typer-0.3.0.tgz 0ms (cache hit)
1342 http cache buffer@https://registry.npmjs.org/buffer/-/buffer-5.7.1.tgz 0ms (cache hit)
1343 http cache fs-constants@https://registry.npmjs.org/fs-constants/-/fs-constants-1.0.0.tgz 0ms (cache hit)
1344 http cache tar-stream@https://registry.npmjs.org/tar-stream/-/tar-stream-2.2.0.tgz 0ms (cache hit)
1345 http cache bl@https://registry.npmjs.org/bl/-/bl-4.1.0.tgz 0ms (cache hit)
1346 http cache has-flag@https://registry.npmjs.org/has-flag/-/has-flag-3.0.0.tgz 0ms (cache hit)
1347 http cache is-fullwidth-code-point@https://registry.npmjs.org/is-fullwidth-code-point/-/is-fullwidth-code-point-3.0.0.tgz 0ms (cache hit)
1348 http cache ansi-regex@https://registry.npmjs.org/ansi-regex/-/ansi-regex-5.0.1.tgz 0ms (cache hit)
1349 http cache smart-buffer@https://registry.npmjs.org/smart-buffer/-/smart-buffer-4.2.0.tgz 0ms (cache hit)
1350 http cache emoji-regex@https://registry.npmjs.org/emoji-regex/-/emoji-regex-8.0.0.tgz 0ms (cache hit)
1351 http cache socks@https://registry.npmjs.org/socks/-/socks-2.8.10.tgz 0ms (cache hit)
1352 http cache ip-address@https://registry.npmjs.org/ip-address/-/ip-address-10.7.0.tgz 0ms (cache hit)
1353 http cache mimic-response@https://registry.npmjs.org/mimic-response/-/mimic-response-3.1.0.tgz 0ms (cache hit)
1354 http cache simple-concat@https://registry.npmjs.org/simple-concat/-/simple-concat-1.0.1.tgz 0ms (cache hit)
1355 http cache decompress-response@https://registry.npmjs.org/decompress-response/-/decompress-response-6.0.0.tgz 0ms (cache hit)
1356 http cache util-deprecate@https://registry.npmjs.org/util-deprecate/-/util-deprecate-1.0.2.tgz 0ms (cache hit)
1357 http cache string_decoder@https://registry.npmjs.org/string_decoder/-/string_decoder-1.3.0.tgz 0ms (cache hit)
1358 http cache strip-json-comments@https://registry.npmjs.org/strip-json-comments/-/strip-json-comments-2.0.1.tgz 0ms (cache hit)
1359 http cache end-of-stream@https://registry.npmjs.org/end-of-stream/-/end-of-stream-1.4.5.tgz 0ms (cache hit)
1360 http cache deep-extend@https://registry.npmjs.org/deep-extend/-/deep-extend-0.6.0.tgz 0ms (cache hit)
1361 http cache err-code@https://registry.npmjs.org/err-code/-/err-code-2.0.3.tgz 0ms (cache hit)
1362 http cache retry@https://registry.npmjs.org/retry/-/retry-0.12.0.tgz 0ms (cache hit)
1363 http cache simple-get@https://registry.npmjs.org/simple-get/-/simple-get-4.0.1.tgz 0ms (cache hit)
1364 http cache tunnel-agent@https://registry.npmjs.org/tunnel-agent/-/tunnel-agent-0.6.0.tgz 0ms (cache hit)
1365 http cache pump@https://registry.npmjs.org/pump/-/pump-3.0.4.tgz 0ms (cache hit)
1366 http cache ini@https://registry.npmjs.org/ini/-/ini-1.3.8.tgz 0ms (cache hit)
1367 http cache rc@https://registry.npmjs.org/rc/-/rc-1.2.8.tgz 0ms (cache hit)
1368 http cache tar-fs@https://registry.npmjs.org/tar-fs/-/tar-fs-2.1.5.tgz 0ms (cache hit)
1369 http cache node-abi@https://registry.npmjs.org/node-abi/-/node-abi-3.96.0.tgz 0ms (cache hit)
1370 http cache mkdirp-classic@https://registry.npmjs.org/mkdirp-classic/-/mkdirp-classic-0.5.3.tgz 0ms (cache hit)
1371 http cache github-from-package@https://registry.npmjs.org/github-from-package/-/github-from-package-0.0.0.tgz 0ms (cache hit)
1372 http cache napi-build-utils@https://registry.npmjs.org/napi-build-utils/-/napi-build-utils-2.0.0.tgz 0ms (cache hit)
1373 http cache minimist@https://registry.npmjs.org/minimist/-/minimist-1.2.8.tgz 0ms (cache hit)
1374 http cache detect-libc@https://registry.npmjs.org/detect-libc/-/detect-libc-2.1.2.tgz 0ms (cache hit)
1375 http cache clean-stack@https://registry.npmjs.org/clean-stack/-/clean-stack-2.2.0.tgz 0ms (cache hit)
1376 http cache indent-string@https://registry.npmjs.org/indent-string/-/indent-string-4.0.0.tgz 0ms (cache hit)
1377 http cache aggregate-error@https://registry.npmjs.org/aggregate-error/-/aggregate-error-3.1.0.tgz 0ms (cache hit)
1378 http cache expand-template@https://registry.npmjs.org/expand-template/-/expand-template-2.0.3.tgz 0ms (cache hit)
1379 http cache wide-align@https://registry.npmjs.org/wide-align/-/wide-align-1.1.5.tgz 0ms (cache hit)
1380 http cache string-width@https://registry.npmjs.org/string-width/-/string-width-4.2.3.tgz 0ms (cache hit)
1381 http cache has-unicode@https://registry.npmjs.org/has-unicode/-/has-unicode-2.0.1.tgz 0ms (cache hit)
1382 http cache color-support@https://registry.npmjs.org/color-support/-/color-support-1.1.3.tgz 0ms (cache hit)
1383 http cache strip-ansi@https://registry.npmjs.org/strip-ansi/-/strip-ansi-6.0.1.tgz 0ms (cache hit)
1384 http cache signal-exit@https://registry.npmjs.org/signal-exit/-/signal-exit-3.0.7.tgz 0ms (cache hit)
1385 http cache aproba@https://registry.npmjs.org/aproba/-/aproba-2.1.0.tgz 0ms (cache hit)
1386 http cache readable-stream@https://registry.npmjs.org/readable-stream/-/readable-stream-3.6.2.tgz 0ms (cache hit)
1387 http cache gauge@https://registry.npmjs.org/gauge/-/gauge-4.0.4.tgz 0ms (cache hit)
1388 http cache set-blocking@https://registry.npmjs.org/set-blocking/-/set-blocking-2.0.0.tgz 0ms (cache hit)
1389 http cache delegates@https://registry.npmjs.org/delegates/-/delegates-1.0.0.tgz 0ms (cache hit)
1390 http cache console-control-strings@https://registry.npmjs.org/console-control-strings/-/console-control-strings-1.1.0.tgz 0ms (cache hit)
1391 http cache are-we-there-yet@https://registry.npmjs.org/are-we-there-yet/-/are-we-there-yet-3.0.1.tgz 0ms (cache hit)
1392 http cache abbrev@https://registry.npmjs.org/abbrev/-/abbrev-1.1.1.tgz 0ms (cache hit)
1393 http cache encoding@https://registry.npmjs.org/encoding/-/encoding-0.1.13.tgz 0ms (cache hit)
1394 http cache minizlib@https://registry.npmjs.org/minizlib/-/minizlib-2.1.2.tgz 0ms (cache hit)
1395 http cache yallist@https://registry.npmjs.org/yallist/-/yallist-4.0.0.tgz 0ms (cache hit)
1396 http cache minipass-sized@https://registry.npmjs.org/minipass-sized/-/minipass-sized-1.0.3.tgz 0ms (cache hit)
1397 http cache agent-base@https://registry.npmjs.org/agent-base/-/agent-base-6.0.2.tgz 0ms (cache hit)
1398 http cache @tootallnate/once@https://registry.npmjs.org/@tootallnate/once/-/once-1.1.2.tgz 0ms (cache hit)
1399 http cache @gar/promisify@https://registry.npmjs.org/@gar/promisify/-/promisify-1.1.3.tgz 0ms (cache hit)
1400 http cache unique-filename@https://registry.npmjs.org/unique-filename/-/unique-filename-1.1.1.tgz 0ms (cache hit)
1401 http cache promise-inflight@https://registry.npmjs.org/promise-inflight/-/promise-inflight-1.0.1.tgz 0ms (cache hit)
1402 http cache p-map@https://registry.npmjs.org/p-map/-/p-map-4.0.0.tgz 0ms (cache hit)
1403 http cache @npmcli/move-file@https://registry.npmjs.org/@npmcli/move-file/-/move-file-1.1.2.tgz 0ms (cache hit)
1404 http cache mkdirp@https://registry.npmjs.org/mkdirp/-/mkdirp-1.0.4.tgz 0ms (cache hit)
1405 http cache infer-owner@https://registry.npmjs.org/infer-owner/-/infer-owner-1.0.4.tgz 0ms (cache hit)
1406 http cache fs-minipass@https://registry.npmjs.org/fs-minipass/-/fs-minipass-2.1.0.tgz 0ms (cache hit)
1407 http cache @npmcli/fs@https://registry.npmjs.org/@npmcli/fs/-/fs-1.1.1.tgz 0ms (cache hit)
1408 http cache chownr@https://registry.npmjs.org/chownr/-/chownr-2.0.0.tgz 0ms (cache hit)
1409 http cache humanize-ms@https://registry.npmjs.org/humanize-ms/-/humanize-ms-1.2.1.tgz 0ms (cache hit)
1410 http cache ssri@https://registry.npmjs.org/ssri/-/ssri-8.0.1.tgz 0ms (cache hit)
1411 http cache socks-proxy-agent@https://registry.npmjs.org/socks-proxy-agent/-/socks-proxy-agent-6.2.1.tgz 0ms (cache hit)
1412 http cache promise-retry@https://registry.npmjs.org/promise-retry/-/promise-retry-2.0.1.tgz 0ms (cache hit)
1413 http cache minipass-pipeline@https://registry.npmjs.org/minipass-pipeline/-/minipass-pipeline-1.2.4.tgz 0ms (cache hit)
1414 http cache minipass-flush@https://registry.npmjs.org/minipass-flush/-/minipass-flush-1.0.7.tgz 0ms (cache hit)
1415 http cache minipass-fetch@https://registry.npmjs.org/minipass-fetch/-/minipass-fetch-1.4.1.tgz 0ms (cache hit)
1416 http cache minipass@https://registry.npmjs.org/minipass/-/minipass-3.3.6.tgz 0ms (cache hit)
1417 http cache minipass-collect@https://registry.npmjs.org/minipass-collect/-/minipass-collect-1.0.2.tgz 0ms (cache hit)
1418 http cache lru-cache@https://registry.npmjs.org/lru-cache/-/lru-cache-6.0.0.tgz 0ms (cache hit)
1419 http cache is-lambda@https://registry.npmjs.org/is-lambda/-/is-lambda-1.0.1.tgz 0ms (cache hit)
1420 http cache https-proxy-agent@https://registry.npmjs.org/https-proxy-agent/-/https-proxy-agent-5.0.1.tgz 0ms (cache hit)
1421 http cache http-proxy-agent@https://registry.npmjs.org/http-proxy-agent/-/http-proxy-agent-4.0.1.tgz 0ms (cache hit)
1422 http cache cacache@https://registry.npmjs.org/cacache/-/cacache-15.3.0.tgz 0ms (cache hit)
1423 http cache wrappy@https://registry.npmjs.org/wrappy/-/wrappy-1.0.2.tgz 0ms (cache hit)
1424 http cache agentkeepalive@https://registry.npmjs.org/agentkeepalive/-/agentkeepalive-4.6.0.tgz 0ms (cache hit)
1425 http cache http-cache-semantics@https://registry.npmjs.org/http-cache-semantics/-/http-cache-semantics-4.2.0.tgz 0ms (cache hit)
1426 http cache path-is-absolute@https://registry.npmjs.org/path-is-absolute/-/path-is-absolute-1.0.1.tgz 0ms (cache hit)
1427 http cache once@https://registry.npmjs.org/once/-/once-1.4.0.tgz 0ms (cache hit)
1428 http cache which@https://registry.npmjs.org/which/-/which-2.0.2.tgz 0ms (cache hit)
1429 http cache inflight@https://registry.npmjs.org/inflight/-/inflight-1.0.6.tgz 0ms (cache hit)
1430 http cache fs.realpath@https://registry.npmjs.org/fs.realpath/-/fs.realpath-1.0.0.tgz 0ms (cache hit)
1431 http cache rimraf@https://registry.npmjs.org/rimraf/-/rimraf-3.0.2.tgz 0ms (cache hit)
1432 http cache npmlog@https://registry.npmjs.org/npmlog/-/npmlog-6.0.2.tgz 0ms (cache hit)
1433 http cache make-fetch-happen@https://registry.npmjs.org/make-fetch-happen/-/make-fetch-happen-9.1.0.tgz 0ms (cache hit)
1434 http cache nopt@https://registry.npmjs.org/nopt/-/nopt-5.0.0.tgz 0ms (cache hit)
1435 http cache glob@https://registry.npmjs.org/glob/-/glob-7.2.3.tgz 0ms (cache hit)
1436 http cache graceful-fs@https://registry.npmjs.org/graceful-fs/-/graceful-fs-4.2.11.tgz 0ms (cache hit)
1437 http cache env-paths@https://registry.npmjs.org/env-paths/-/env-paths-2.2.1.tgz 0ms (cache hit)
1438 http cache file-uri-to-path@https://registry.npmjs.org/file-uri-to-path/-/file-uri-to-path-1.0.0.tgz 0ms (cache hit)
1439 http cache tar@https://registry.npmjs.org/tar/-/tar-6.2.1.tgz 0ms (cache hit)
1440 http cache @socket.io/component-emitter@https://registry.npmjs.org/@socket.io/component-emitter/-/component-emitter-3.1.2.tgz 0ms (cache hit)
1441 http cache prebuild-install@https://registry.npmjs.org/prebuild-install/-/prebuild-install-7.1.3.tgz 0ms (cache hit)
1442 http cache node-gyp@https://registry.npmjs.org/node-gyp/-/node-gyp-8.4.1.tgz 0ms (cache hit)
1443 http cache node-addon-api@https://registry.npmjs.org/node-addon-api/-/node-addon-api-7.1.1.tgz 0ms (cache hit)
1444 http cache bindings@https://registry.npmjs.org/bindings/-/bindings-1.5.0.tgz 0ms (cache hit)
1445 http cache @types/ws@https://registry.npmjs.org/@types/ws/-/ws-8.18.1.tgz 0ms (cache hit)
1446 http cache undici-types@https://registry.npmjs.org/undici-types/-/undici-types-8.3.0.tgz 0ms (cache hit)
1447 http cache @types/node@https://registry.npmjs.org/@types/node/-/node-26.4.1.tgz 0ms (cache hit)
1448 http cache engine.io-parser@https://registry.npmjs.org/engine.io-parser/-/engine.io-parser-5.2.3.tgz 0ms (cache hit)
1449 http cache @types/cors@https://registry.npmjs.org/@types/cors/-/cors-2.8.19.tgz 0ms (cache hit)
1450 http cache ws@https://registry.npmjs.org/ws/-/ws-8.21.3.tgz 0ms (cache hit)
1451 http cache socket.io-parser@https://registry.npmjs.org/socket.io-parser/-/socket.io-parser-4.2.7.tgz 0ms (cache hit)
1452 http cache socket.io-adapter@https://registry.npmjs.org/socket.io-adapter/-/socket.io-adapter-2.5.8.tgz 0ms (cache hit)
1453 http cache dunder-proto@https://registry.npmjs.org/dunder-proto/-/dunder-proto-1.0.1.tgz 0ms (cache hit)
1454 http cache math-intrinsics@https://registry.npmjs.org/math-intrinsics/-/math-intrinsics-1.1.0.tgz 0ms (cache hit)
1455 http cache hasown@https://registry.npmjs.org/hasown/-/hasown-2.0.4.tgz 0ms (cache hit)
1456 http cache engine.io@https://registry.npmjs.org/engine.io/-/engine.io-6.6.10.tgz 0ms (cache hit)
1457 http cache has-symbols@https://registry.npmjs.org/has-symbols/-/has-symbols-1.1.0.tgz 0ms (cache hit)
1458 http cache base64id@https://registry.npmjs.org/base64id/-/base64id-2.0.0.tgz 0ms (cache hit)
1459 http cache get-proto@https://registry.npmjs.org/get-proto/-/get-proto-1.0.1.tgz 0ms (cache hit)
1460 http cache gopd@https://registry.npmjs.org/gopd/-/gopd-1.2.0.tgz 0ms (cache hit)
1461 http cache function-bind@https://registry.npmjs.org/function-bind/-/function-bind-1.1.2.tgz 0ms (cache hit)
1462 http cache call-bind-apply-helpers@https://registry.npmjs.org/call-bind-apply-helpers/-/call-bind-apply-helpers-1.0.2.tgz 0ms (cache hit)
1463 http cache get-intrinsic@https://registry.npmjs.org/get-intrinsic/-/get-intrinsic-1.3.0.tgz 0ms (cache hit)
1464 http cache call-bound@https://registry.npmjs.org/call-bound/-/call-bound-1.0.4.tgz 0ms (cache hit)
1465 http cache side-channel-weakmap@https://registry.npmjs.org/side-channel-weakmap/-/side-channel-weakmap-1.0.2.tgz 0ms (cache hit)
1466 http cache side-channel-map@https://registry.npmjs.org/side-channel-map/-/side-channel-map-1.0.1.tgz 0ms (cache hit)
1467 http cache es-object-atoms@https://registry.npmjs.org/es-object-atoms/-/es-object-atoms-1.1.2.tgz 0ms (cache hit)
1468 http cache side-channel-list@https://registry.npmjs.org/side-channel-list/-/side-channel-list-1.0.1.tgz 0ms (cache hit)
1469 http cache object-inspect@https://registry.npmjs.org/object-inspect/-/object-inspect-1.13.4.tgz 0ms (cache hit)
1470 http cache es-errors@https://registry.npmjs.org/es-errors/-/es-errors-1.3.0.tgz 0ms (cache hit)
1471 http cache es-define-property@https://registry.npmjs.org/es-define-property/-/es-define-property-1.0.1.tgz 0ms (cache hit)
1472 http cache side-channel@https://registry.npmjs.org/side-channel/-/side-channel-1.1.1.tgz 0ms (cache hit)
1473 http cache ipaddr.js@https://registry.npmjs.org/ipaddr.js/-/ipaddr.js-1.9.1.tgz 0ms (cache hit)
1474 http cache binary-extensions@https://registry.npmjs.org/binary-extensions/-/binary-extensions-2.3.0.tgz 0ms (cache hit)
1475 http cache ee-first@https://registry.npmjs.org/ee-first/-/ee-first-1.1.1.tgz 0ms (cache hit)
1476 http cache mime@https://registry.npmjs.org/mime/-/mime-1.6.0.tgz 0ms (cache hit)
1477 http cache is-extglob@https://registry.npmjs.org/is-extglob/-/is-extglob-2.1.1.tgz 0ms (cache hit)
1478 http cache fill-range@https://registry.npmjs.org/fill-range/-/fill-range-7.1.1.tgz 0ms (cache hit)
1479 http cache picomatch@https://registry.npmjs.org/picomatch/-/picomatch-2.3.2.tgz 0ms (cache hit)
1480 http cache normalize-path@https://registry.npmjs.org/normalize-path/-/normalize-path-3.0.0.tgz 0ms (cache hit)
1481 http cache forwarded@https://registry.npmjs.org/forwarded/-/forwarded-0.2.0.tgz 0ms (cache hit)
1482 http cache readdirp@https://registry.npmjs.org/readdirp/-/readdirp-3.6.0.tgz 0ms (cache hit)
1483 http cache is-glob@https://registry.npmjs.org/is-glob/-/is-glob-4.0.3.tgz 0ms (cache hit)
1484 http cache glob-parent@https://registry.npmjs.org/glob-parent/-/glob-parent-5.1.2.tgz 0ms (cache hit)
1485 http cache to-regex-range@https://registry.npmjs.org/to-regex-range/-/to-regex-range-5.0.1.tgz 0ms (cache hit)
1486 http cache braces@https://registry.npmjs.org/braces/-/braces-3.0.3.tgz 0ms (cache hit)
1487 http cache is-binary-path@https://registry.npmjs.org/is-binary-path/-/is-binary-path-2.1.0.tgz 0ms (cache hit)
1488 http cache anymatch@https://registry.npmjs.org/anymatch/-/anymatch-3.1.3.tgz 0ms (cache hit)
1489 http cache undefsafe@https://registry.npmjs.org/undefsafe/-/undefsafe-2.0.5.tgz 0ms (cache hit)
1490 http cache touch@https://registry.npmjs.org/touch/-/touch-3.1.1.tgz 0ms (cache hit)
1491 http cache simple-update-notifier@https://registry.npmjs.org/simple-update-notifier/-/simple-update-notifier-2.0.0.tgz 0ms (cache hit)
1492 http cache pstree.remy@https://registry.npmjs.org/pstree.remy/-/pstree.remy-1.1.8.tgz 0ms (cache hit)
1493 http cache semver@https://registry.npmjs.org/semver/-/semver-7.8.5.tgz 0ms (cache hit)
1494 http cache supports-color@https://registry.npmjs.org/supports-color/-/supports-color-5.5.0.tgz 0ms (cache hit)
1495 http cache ignore-by-default@https://registry.npmjs.org/ignore-by-default/-/ignore-by-default-1.0.1.tgz 0ms (cache hit)
1496 http cache chokidar@https://registry.npmjs.org/chokidar/-/chokidar-3.6.0.tgz 0ms (cache hit)
1497 http cache brace-expansion@https://registry.npmjs.org/brace-expansion/-/brace-expansion-2.1.4.tgz 0ms (cache hit)
1498 http cache balanced-match@https://registry.npmjs.org/balanced-match/-/balanced-match-1.0.2.tgz 0ms (cache hit)
1499 http cache mime-db@https://registry.npmjs.org/mime-db/-/mime-db-1.52.0.tgz 0ms (cache hit)
1500 http cache minimatch@https://registry.npmjs.org/minimatch/-/minimatch-5.1.9.tgz 0ms (cache hit)
1501 http cache async@https://registry.npmjs.org/async/-/async-3.2.6.tgz 0ms (cache hit)
1502 http cache safer-buffer@https://registry.npmjs.org/safer-buffer/-/safer-buffer-2.1.2.tgz 0ms (cache hit)
1503 http cache picocolors@https://registry.npmjs.org/picocolors/-/picocolors-1.1.1.tgz 0ms (cache hit)
1504 http cache filelist@https://registry.npmjs.org/filelist/-/filelist-1.0.6.tgz 0ms (cache hit)
1505 http cache toidentifier@https://registry.npmjs.org/toidentifier/-/toidentifier-1.0.1.tgz 0ms (cache hit)
1506 http cache inherits@https://registry.npmjs.org/inherits/-/inherits-2.0.4.tgz 0ms (cache hit)
1507 http cache iconv-lite@https://registry.npmjs.org/iconv-lite/-/iconv-lite-0.4.24.tgz 0ms (cache hit)
1508 http cache unpipe@https://registry.npmjs.org/unpipe/-/unpipe-1.0.0.tgz 0ms (cache hit)
1509 http cache raw-body@https://registry.npmjs.org/raw-body/-/raw-body-2.5.3.tgz 0ms (cache hit)
1510 http cache bytes@https://registry.npmjs.org/bytes/-/bytes-3.1.2.tgz 0ms (cache hit)
1511 http cache negotiator@https://registry.npmjs.org/negotiator/-/negotiator-0.6.3.tgz 0ms (cache hit)
1512 http cache destroy@https://registry.npmjs.org/destroy/-/destroy-1.2.0.tgz 0ms (cache hit)
1513 http cache utils-merge@https://registry.npmjs.org/utils-merge/-/utils-merge-1.0.1.tgz 0ms (cache hit)
1514 http cache statuses@https://registry.npmjs.org/statuses/-/statuses-2.0.2.tgz 0ms (cache hit)
1515 http cache mime-types@https://registry.npmjs.org/mime-types/-/mime-types-2.1.35.tgz 0ms (cache hit)
1516 http cache setprototypeof@https://registry.npmjs.org/setprototypeof/-/setprototypeof-1.2.0.tgz 0ms (cache hit)
1517 http cache serve-static@https://registry.npmjs.org/serve-static/-/serve-static-1.16.3.tgz 0ms (cache hit)
1518 http cache type-is@https://registry.npmjs.org/type-is/-/type-is-1.6.18.tgz 0ms (cache hit)
1519 http cache send@https://registry.npmjs.org/send/-/send-0.19.2.tgz 0ms (cache hit)
1520 http cache qs@https://registry.npmjs.org/qs/-/qs-6.15.3.tgz 0ms (cache hit)
1521 http cache range-parser@https://registry.npmjs.org/range-parser/-/range-parser-1.2.1.tgz 0ms (cache hit)
1522 http cache safe-buffer@https://registry.npmjs.org/safe-buffer/-/safe-buffer-5.2.1.tgz 0ms (cache hit)
1523 http cache proxy-addr@https://registry.npmjs.org/proxy-addr/-/proxy-addr-2.0.7.tgz 0ms (cache hit)
1524 http cache parseurl@https://registry.npmjs.org/parseurl/-/parseurl-1.3.3.tgz 0ms (cache hit)
1525 http cache on-finished@https://registry.npmjs.org/on-finished/-/on-finished-2.4.1.tgz 0ms (cache hit)
1526 http cache path-to-regexp@https://registry.npmjs.org/path-to-regexp/-/path-to-regexp-0.1.13.tgz 0ms (cache hit)
1527 http cache methods@https://registry.npmjs.org/methods/-/methods-1.1.2.tgz 0ms (cache hit)
1528 http cache http-errors@https://registry.npmjs.org/http-errors/-/http-errors-2.0.1.tgz 0ms (cache hit)
1529 http cache escape-html@https://registry.npmjs.org/escape-html/-/escape-html-1.0.3.tgz 0ms (cache hit)
1530 http cache finalhandler@https://registry.npmjs.org/finalhandler/-/finalhandler-1.3.2.tgz 0ms (cache hit)
1531 http cache merge-descriptors@https://registry.npmjs.org/merge-descriptors/-/merge-descriptors-1.0.3.tgz 0ms (cache hit)
1532 http cache etag@https://registry.npmjs.org/etag/-/etag-1.8.1.tgz 0ms (cache hit)
1533 http cache fresh@https://registry.npmjs.org/fresh/-/fresh-0.5.2.tgz 0ms (cache hit)
1534 http cache depd@https://registry.npmjs.org/depd/-/depd-2.0.0.tgz 0ms (cache hit)
1535 http cache cookie-signature@https://registry.npmjs.org/cookie-signature/-/cookie-signature-1.0.7.tgz 0ms (cache hit)
1536 http cache cookie@https://registry.npmjs.org/cookie/-/cookie-0.7.2.tgz 0ms (cache hit)
1537 http cache encodeurl@https://registry.npmjs.org/encodeurl/-/encodeurl-2.0.0.tgz 0ms (cache hit)
1538 http cache content-type@https://registry.npmjs.org/content-type/-/content-type-1.0.5.tgz 0ms (cache hit)
1539 http cache body-parser@https://registry.npmjs.org/body-parser/-/body-parser-1.20.6.tgz 0ms (cache hit)
1540 http cache content-disposition@https://registry.npmjs.org/content-disposition/-/content-disposition-0.5.4.tgz 0ms (cache hit)
1541 http cache array-flatten@https://registry.npmjs.org/array-flatten/-/array-flatten-1.1.1.tgz 0ms (cache hit)
1542 http cache ms@https://registry.npmjs.org/ms/-/ms-2.1.3.tgz 0ms (cache hit)
1543 http cache accepts@https://registry.npmjs.org/accepts/-/accepts-1.3.8.tgz 0ms (cache hit)
1544 http cache vary@https://registry.npmjs.org/vary/-/vary-1.1.2.tgz 0ms (cache hit)
1545 http cache jake@https://registry.npmjs.org/jake/-/jake-10.9.4.tgz 0ms (cache hit)
1546 http cache debug@https://registry.npmjs.org/debug/-/debug-4.3.7.tgz 0ms (cache hit)
1547 http cache object-assign@https://registry.npmjs.org/object-assign/-/object-assign-4.1.1.tgz 0ms (cache hit)
1548 http cache sqlite3@https://registry.npmjs.org/sqlite3/-/sqlite3-5.1.7.tgz 0ms (cache hit)
1549 http cache nodemon@https://registry.npmjs.org/nodemon/-/nodemon-3.1.14.tgz 0ms (cache hit)
1550 http cache @types/bcryptjs@https://registry.npmjs.org/@types/bcryptjs/-/bcryptjs-2.4.6.tgz 0ms (cache hit)
1551 http cache dotenv@https://registry.npmjs.org/dotenv/-/dotenv-16.6.1.tgz 0ms (cache hit)
1552 http cache cors@https://registry.npmjs.org/cors/-/cors-2.8.6.tgz 0ms (cache hit)
1553 http cache ejs@https://registry.npmjs.org/ejs/-/ejs-3.1.10.tgz 0ms (cache hit)
1554 http cache express@https://registry.npmjs.org/express/-/express-4.22.2.tgz 0ms (cache hit)
1555 http cache @socket.io/admin-ui@https://registry.npmjs.org/@socket.io/admin-ui/-/admin-ui-0.5.1.tgz 0ms (cache hit)
1556 http cache chownr@https://registry.npmjs.org/chownr/-/chownr-1.1.4.tgz 0ms (cache hit)
1557 http cache bcryptjs@https://registry.npmjs.org/bcryptjs/-/bcryptjs-2.4.3.tgz 0ms (cache hit)
1558 http cache minipass@https://registry.npmjs.org/minipass/-/minipass-5.0.0.tgz 0ms (cache hit)
1559 http cache iconv-lite@https://registry.npmjs.org/iconv-lite/-/iconv-lite-0.6.3.tgz 0ms (cache hit)
1560 http cache socket.io@https://registry.npmjs.org/socket.io/-/socket.io-4.8.3.tgz 0ms (cache hit)
1561 http cache brace-expansion@https://registry.npmjs.org/brace-expansion/-/brace-expansion-1.1.18.tgz 0ms (cache hit)
1562 http cache minimatch@https://registry.npmjs.org/minimatch/-/minimatch-3.1.5.tgz 0ms (cache hit)
1563 http cache debug@https://registry.npmjs.org/debug/-/debug-4.4.3.tgz 0ms (cache hit)
1564 http cache debug@https://registry.npmjs.org/debug/-/debug-2.6.9.tgz 0ms (cache hit)
1565 http cache debug@https://registry.npmjs.org/debug/-/debug-4.4.3.tgz 0ms (cache hit)
1566 http cache ms@https://registry.npmjs.org/ms/-/ms-2.0.0.tgz 0ms (cache hit)
1567 http cache debug@https://registry.npmjs.org/debug/-/debug-4.4.3.tgz 0ms (cache hit)
1568 http cache ms@https://registry.npmjs.org/ms/-/ms-2.0.0.tgz 0ms (cache hit)
1569 http cache debug@https://registry.npmjs.org/debug/-/debug-2.6.9.tgz 0ms (cache hit)
1570 http cache ms@https://registry.npmjs.org/ms/-/ms-2.0.0.tgz 0ms (cache hit)
1571 http cache debug@https://registry.npmjs.org/debug/-/debug-2.6.9.tgz 0ms (cache hit)
1572 http cache ms@https://registry.npmjs.org/ms/-/ms-2.0.0.tgz 0ms (cache hit)
1573 http cache debug@https://registry.npmjs.org/debug/-/debug-4.4.3.tgz 0ms (cache hit)
1574 http cache brace-expansion@https://registry.npmjs.org/brace-expansion/-/brace-expansion-5.0.9.tgz 0ms (cache hit)
1575 http cache minimatch@https://registry.npmjs.org/minimatch/-/minimatch-10.2.6.tgz 0ms (cache hit)
1576 http cache debug@https://registry.npmjs.org/debug/-/debug-2.6.9.tgz 0ms (cache hit)
1577 http cache balanced-match@https://registry.npmjs.org/balanced-match/-/balanced-match-4.0.4.tgz 0ms (cache hit)
1578 silly tarball no local data for is-number@https://registry.npmjs.org/is-number/-/is-number-7.0.0.tgz. Extracting by manifest.
1579 silly tarball no local data for concat-map@https://registry.npmjs.org/concat-map/-/concat-map-0.0.1.tgz. Extracting by manifest.
1580 silly tarball no local data for isexe@https://registry.npmjs.org/isexe/-/isexe-2.0.0.tgz. Extracting by manifest.
1581 silly tarball no local data for imurmurhash@https://registry.npmjs.org/imurmurhash/-/imurmurhash-0.1.4.tgz. Extracting by manifest.
1582 silly tarball no local data for unique-slug@https://registry.npmjs.org/unique-slug/-/unique-slug-2.0.2.tgz. Extracting by manifest.
1583 silly tarball no local data for ieee754@https://registry.npmjs.org/ieee754/-/ieee754-1.2.1.tgz. Extracting by manifest.
1584 silly tarball no local data for base64-js@https://registry.npmjs.org/base64-js/-/base64-js-1.5.1.tgz. Extracting by manifest.
1585 silly tarball no local data for media-typer@https://registry.npmjs.org/media-typer/-/media-typer-0.3.0.tgz. Extracting by manifest.
1586 silly tarball no local data for buffer@https://registry.npmjs.org/buffer/-/buffer-5.7.1.tgz. Extracting by manifest.
1587 silly tarball no local data for fs-constants@https://registry.npmjs.org/fs-constants/-/fs-constants-1.0.0.tgz. Extracting by manifest.
1588 silly tarball no local data for tar-stream@https://registry.npmjs.org/tar-stream/-/tar-stream-2.2.0.tgz. Extracting by manifest.
1589 silly tarball no local data for bl@https://registry.npmjs.org/bl/-/bl-4.1.0.tgz. Extracting by manifest.
1590 silly tarball no local data for has-flag@https://registry.npmjs.org/has-flag/-/has-flag-3.0.0.tgz. Extracting by manifest.
1591 silly tarball no local data for is-fullwidth-code-point@https://registry.npmjs.org/is-fullwidth-code-point/-/is-fullwidth-code-point-3.0.0.tgz. Extracting by manifest.
1592 silly tarball no local data for ansi-regex@https://registry.npmjs.org/ansi-regex/-/ansi-regex-5.0.1.tgz. Extracting by manifest.
1593 silly tarball no local data for smart-buffer@https://registry.npmjs.org/smart-buffer/-/smart-buffer-4.2.0.tgz. Extracting by manifest.
1594 silly tarball no local data for emoji-regex@https://registry.npmjs.org/emoji-regex/-/emoji-regex-8.0.0.tgz. Extracting by manifest.
1595 silly tarball no local data for socks@https://registry.npmjs.org/socks/-/socks-2.8.10.tgz. Extracting by manifest.
1596 silly tarball no local data for ip-address@https://registry.npmjs.org/ip-address/-/ip-address-10.7.0.tgz. Extracting by manifest.
1597 silly tarball no local data for mimic-response@https://registry.npmjs.org/mimic-response/-/mimic-response-3.1.0.tgz. Extracting by manifest.
1598 silly tarball no local data for simple-concat@https://registry.npmjs.org/simple-concat/-/simple-concat-1.0.1.tgz. Extracting by manifest.
1599 silly tarball no local data for decompress-response@https://registry.npmjs.org/decompress-response/-/decompress-response-6.0.0.tgz. Extracting by manifest.
1600 silly tarball no local data for util-deprecate@https://registry.npmjs.org/util-deprecate/-/util-deprecate-1.0.2.tgz. Extracting by manifest.
1601 silly tarball no local data for string_decoder@https://registry.npmjs.org/string_decoder/-/string_decoder-1.3.0.tgz. Extracting by manifest.
1602 silly tarball no local data for strip-json-comments@https://registry.npmjs.org/strip-json-comments/-/strip-json-comments-2.0.1.tgz. Extracting by manifest.
1603 silly tarball no local data for end-of-stream@https://registry.npmjs.org/end-of-stream/-/end-of-stream-1.4.5.tgz. Extracting by manifest.
1604 silly tarball no local data for deep-extend@https://registry.npmjs.org/deep-extend/-/deep-extend-0.6.0.tgz. Extracting by manifest.
1605 silly tarball no local data for err-code@https://registry.npmjs.org/err-code/-/err-code-2.0.3.tgz. Extracting by manifest.
1606 silly tarball no local data for retry@https://registry.npmjs.org/retry/-/retry-0.12.0.tgz. Extracting by manifest.
1607 silly tarball no local data for simple-get@https://registry.npmjs.org/simple-get/-/simple-get-4.0.1.tgz. Extracting by manifest.
1608 silly tarball no local data for tunnel-agent@https://registry.npmjs.org/tunnel-agent/-/tunnel-agent-0.6.0.tgz. Extracting by manifest.
1609 silly tarball no local data for pump@https://registry.npmjs.org/pump/-/pump-3.0.4.tgz. Extracting by manifest.
1610 silly tarball no local data for ini@https://registry.npmjs.org/ini/-/ini-1.3.8.tgz. Extracting by manifest.
1611 silly tarball no local data for rc@https://registry.npmjs.org/rc/-/rc-1.2.8.tgz. Extracting by manifest.
1612 silly tarball no local data for tar-fs@https://registry.npmjs.org/tar-fs/-/tar-fs-2.1.5.tgz. Extracting by manifest.
1613 silly tarball no local data for node-abi@https://registry.npmjs.org/node-abi/-/node-abi-3.96.0.tgz. Extracting by manifest.
1614 silly tarball no local data for mkdirp-classic@https://registry.npmjs.org/mkdirp-classic/-/mkdirp-classic-0.5.3.tgz. Extracting by manifest.
1615 silly tarball no local data for github-from-package@https://registry.npmjs.org/github-from-package/-/github-from-package-0.0.0.tgz. Extracting by manifest.
1616 silly tarball no local data for napi-build-utils@https://registry.npmjs.org/napi-build-utils/-/napi-build-utils-2.0.0.tgz. Extracting by manifest.
1617 silly tarball no local data for minimist@https://registry.npmjs.org/minimist/-/minimist-1.2.8.tgz. Extracting by manifest.
1618 silly tarball no local data for detect-libc@https://registry.npmjs.org/detect-libc/-/detect-libc-2.1.2.tgz. Extracting by manifest.
1619 silly tarball no local data for clean-stack@https://registry.npmjs.org/clean-stack/-/clean-stack-2.2.0.tgz. Extracting by manifest.
1620 silly tarball no local data for indent-string@https://registry.npmjs.org/indent-string/-/indent-string-4.0.0.tgz. Extracting by manifest.
1621 silly tarball no local data for aggregate-error@https://registry.npmjs.org/aggregate-error/-/aggregate-error-3.1.0.tgz. Extracting by manifest.
1622 silly tarball no local data for expand-template@https://registry.npmjs.org/expand-template/-/expand-template-2.0.3.tgz. Extracting by manifest.
1623 silly tarball no local data for wide-align@https://registry.npmjs.org/wide-align/-/wide-align-1.1.5.tgz. Extracting by manifest.
1624 silly tarball no local data for string-width@https://registry.npmjs.org/string-width/-/string-width-4.2.3.tgz. Extracting by manifest.
1625 silly tarball no local data for has-unicode@https://registry.npmjs.org/has-unicode/-/has-unicode-2.0.1.tgz. Extracting by manifest.
1626 silly tarball no local data for color-support@https://registry.npmjs.org/color-support/-/color-support-1.1.3.tgz. Extracting by manifest.
1627 silly tarball no local data for strip-ansi@https://registry.npmjs.org/strip-ansi/-/strip-ansi-6.0.1.tgz. Extracting by manifest.
1628 silly tarball no local data for signal-exit@https://registry.npmjs.org/signal-exit/-/signal-exit-3.0.7.tgz. Extracting by manifest.
1629 silly tarball no local data for aproba@https://registry.npmjs.org/aproba/-/aproba-2.1.0.tgz. Extracting by manifest.
1630 silly tarball no local data for readable-stream@https://registry.npmjs.org/readable-stream/-/readable-stream-3.6.2.tgz. Extracting by manifest.
1631 silly tarball no local data for gauge@https://registry.npmjs.org/gauge/-/gauge-4.0.4.tgz. Extracting by manifest.
1632 silly tarball no local data for set-blocking@https://registry.npmjs.org/set-blocking/-/set-blocking-2.0.0.tgz. Extracting by manifest.
1633 silly tarball no local data for delegates@https://registry.npmjs.org/delegates/-/delegates-1.0.0.tgz. Extracting by manifest.
1634 silly tarball no local data for console-control-strings@https://registry.npmjs.org/console-control-strings/-/console-control-strings-1.1.0.tgz. Extracting by manifest.
1635 silly tarball no local data for are-we-there-yet@https://registry.npmjs.org/are-we-there-yet/-/are-we-there-yet-3.0.1.tgz. Extracting by manifest.
1636 silly tarball no local data for abbrev@https://registry.npmjs.org/abbrev/-/abbrev-1.1.1.tgz. Extracting by manifest.
1637 silly tarball no local data for encoding@https://registry.npmjs.org/encoding/-/encoding-0.1.13.tgz. Extracting by manifest.
1638 silly tarball no local data for minizlib@https://registry.npmjs.org/minizlib/-/minizlib-2.1.2.tgz. Extracting by manifest.
1639 silly tarball no local data for yallist@https://registry.npmjs.org/yallist/-/yallist-4.0.0.tgz. Extracting by manifest.
1640 silly tarball no local data for minipass-sized@https://registry.npmjs.org/minipass-sized/-/minipass-sized-1.0.3.tgz. Extracting by manifest.
1641 silly tarball no local data for agent-base@https://registry.npmjs.org/agent-base/-/agent-base-6.0.2.tgz. Extracting by manifest.
1642 silly tarball no local data for @tootallnate/once@https://registry.npmjs.org/@tootallnate/once/-/once-1.1.2.tgz. Extracting by manifest.
1643 silly tarball no local data for @gar/promisify@https://registry.npmjs.org/@gar/promisify/-/promisify-1.1.3.tgz. Extracting by manifest.
1644 silly tarball no local data for unique-filename@https://registry.npmjs.org/unique-filename/-/unique-filename-1.1.1.tgz. Extracting by manifest.
1645 silly tarball no local data for promise-inflight@https://registry.npmjs.org/promise-inflight/-/promise-inflight-1.0.1.tgz. Extracting by manifest.
1646 silly tarball no local data for p-map@https://registry.npmjs.org/p-map/-/p-map-4.0.0.tgz. Extracting by manifest.
1647 silly tarball no local data for @npmcli/move-file@https://registry.npmjs.org/@npmcli/move-file/-/move-file-1.1.2.tgz. Extracting by manifest.
1648 silly tarball no local data for mkdirp@https://registry.npmjs.org/mkdirp/-/mkdirp-1.0.4.tgz. Extracting by manifest.
1649 silly tarball no local data for infer-owner@https://registry.npmjs.org/infer-owner/-/infer-owner-1.0.4.tgz. Extracting by manifest.
1650 silly tarball no local data for fs-minipass@https://registry.npmjs.org/fs-minipass/-/fs-minipass-2.1.0.tgz. Extracting by manifest.
1651 silly tarball no local data for @npmcli/fs@https://registry.npmjs.org/@npmcli/fs/-/fs-1.1.1.tgz. Extracting by manifest.
1652 silly tarball no local data for chownr@https://registry.npmjs.org/chownr/-/chownr-2.0.0.tgz. Extracting by manifest.
1653 silly tarball no local data for humanize-ms@https://registry.npmjs.org/humanize-ms/-/humanize-ms-1.2.1.tgz. Extracting by manifest.
1654 silly tarball no local data for ssri@https://registry.npmjs.org/ssri/-/ssri-8.0.1.tgz. Extracting by manifest.
1655 silly tarball no local data for socks-proxy-agent@https://registry.npmjs.org/socks-proxy-agent/-/socks-proxy-agent-6.2.1.tgz. Extracting by manifest.
1656 silly tarball no local data for promise-retry@https://registry.npmjs.org/promise-retry/-/promise-retry-2.0.1.tgz. Extracting by manifest.
1657 silly tarball no local data for minipass-pipeline@https://registry.npmjs.org/minipass-pipeline/-/minipass-pipeline-1.2.4.tgz. Extracting by manifest.
1658 silly tarball no local data for minipass-flush@https://registry.npmjs.org/minipass-flush/-/minipass-flush-1.0.7.tgz. Extracting by manifest.
1659 silly tarball no local data for minipass-fetch@https://registry.npmjs.org/minipass-fetch/-/minipass-fetch-1.4.1.tgz. Extracting by manifest.
1660 silly tarball no local data for minipass@https://registry.npmjs.org/minipass/-/minipass-3.3.6.tgz. Extracting by manifest.
1661 silly tarball no local data for minipass-collect@https://registry.npmjs.org/minipass-collect/-/minipass-collect-1.0.2.tgz. Extracting by manifest.
1662 silly tarball no local data for lru-cache@https://registry.npmjs.org/lru-cache/-/lru-cache-6.0.0.tgz. Extracting by manifest.
1663 silly tarball no local data for is-lambda@https://registry.npmjs.org/is-lambda/-/is-lambda-1.0.1.tgz. Extracting by manifest.
1664 silly tarball no local data for https-proxy-agent@https://registry.npmjs.org/https-proxy-agent/-/https-proxy-agent-5.0.1.tgz. Extracting by manifest.
1665 silly tarball no local data for http-proxy-agent@https://registry.npmjs.org/http-proxy-agent/-/http-proxy-agent-4.0.1.tgz. Extracting by manifest.
1666 silly tarball no local data for cacache@https://registry.npmjs.org/cacache/-/cacache-15.3.0.tgz. Extracting by manifest.
1667 silly tarball no local data for wrappy@https://registry.npmjs.org/wrappy/-/wrappy-1.0.2.tgz. Extracting by manifest.
1668 silly tarball no local data for agentkeepalive@https://registry.npmjs.org/agentkeepalive/-/agentkeepalive-4.6.0.tgz. Extracting by manifest.
1669 silly tarball no local data for http-cache-semantics@https://registry.npmjs.org/http-cache-semantics/-/http-cache-semantics-4.2.0.tgz. Extracting by manifest.
1670 silly tarball no local data for path-is-absolute@https://registry.npmjs.org/path-is-absolute/-/path-is-absolute-1.0.1.tgz. Extracting by manifest.
1671 silly tarball no local data for once@https://registry.npmjs.org/once/-/once-1.4.0.tgz. Extracting by manifest.
1672 silly tarball no local data for which@https://registry.npmjs.org/which/-/which-2.0.2.tgz. Extracting by manifest.
1673 silly tarball no local data for inflight@https://registry.npmjs.org/inflight/-/inflight-1.0.6.tgz. Extracting by manifest.
1674 silly tarball no local data for fs.realpath@https://registry.npmjs.org/fs.realpath/-/fs.realpath-1.0.0.tgz. Extracting by manifest.
1675 silly tarball no local data for rimraf@https://registry.npmjs.org/rimraf/-/rimraf-3.0.2.tgz. Extracting by manifest.
1676 silly tarball no local data for npmlog@https://registry.npmjs.org/npmlog/-/npmlog-6.0.2.tgz. Extracting by manifest.
1677 silly tarball no local data for make-fetch-happen@https://registry.npmjs.org/make-fetch-happen/-/make-fetch-happen-9.1.0.tgz. Extracting by manifest.
1678 silly tarball no local data for nopt@https://registry.npmjs.org/nopt/-/nopt-5.0.0.tgz. Extracting by manifest.
1679 silly tarball no local data for glob@https://registry.npmjs.org/glob/-/glob-7.2.3.tgz. Extracting by manifest.
1680 silly tarball no local data for graceful-fs@https://registry.npmjs.org/graceful-fs/-/graceful-fs-4.2.11.tgz. Extracting by manifest.
1681 silly tarball no local data for env-paths@https://registry.npmjs.org/env-paths/-/env-paths-2.2.1.tgz. Extracting by manifest.
1682 silly tarball no local data for file-uri-to-path@https://registry.npmjs.org/file-uri-to-path/-/file-uri-to-path-1.0.0.tgz. Extracting by manifest.
1683 silly tarball no local data for tar@https://registry.npmjs.org/tar/-/tar-6.2.1.tgz. Extracting by manifest.
1684 silly tarball no local data for @socket.io/component-emitter@https://registry.npmjs.org/@socket.io/component-emitter/-/component-emitter-3.1.2.tgz. Extracting by manifest.
1685 silly tarball no local data for prebuild-install@https://registry.npmjs.org/prebuild-install/-/prebuild-install-7.1.3.tgz. Extracting by manifest.
1686 silly tarball no local data for node-gyp@https://registry.npmjs.org/node-gyp/-/node-gyp-8.4.1.tgz. Extracting by manifest.
1687 silly tarball no local data for node-addon-api@https://registry.npmjs.org/node-addon-api/-/node-addon-api-7.1.1.tgz. Extracting by manifest.
1688 silly tarball no local data for bindings@https://registry.npmjs.org/bindings/-/bindings-1.5.0.tgz. Extracting by manifest.
1689 silly tarball no local data for @types/ws@https://registry.npmjs.org/@types/ws/-/ws-8.18.1.tgz. Extracting by manifest.
1690 silly tarball no local data for undici-types@https://registry.npmjs.org/undici-types/-/undici-types-8.3.0.tgz. Extracting by manifest.
1691 silly tarball no local data for @types/node@https://registry.npmjs.org/@types/node/-/node-26.4.1.tgz. Extracting by manifest.
1692 silly tarball no local data for engine.io-parser@https://registry.npmjs.org/engine.io-parser/-/engine.io-parser-5.2.3.tgz. Extracting by manifest.
1693 silly tarball no local data for @types/cors@https://registry.npmjs.org/@types/cors/-/cors-2.8.19.tgz. Extracting by manifest.
1694 silly tarball no local data for ws@https://registry.npmjs.org/ws/-/ws-8.21.3.tgz. Extracting by manifest.
1695 silly tarball no local data for socket.io-parser@https://registry.npmjs.org/socket.io-parser/-/socket.io-parser-4.2.7.tgz. Extracting by manifest.
1696 silly tarball no local data for socket.io-adapter@https://registry.npmjs.org/socket.io-adapter/-/socket.io-adapter-2.5.8.tgz. Extracting by manifest.
1697 silly tarball no local data for dunder-proto@https://registry.npmjs.org/dunder-proto/-/dunder-proto-1.0.1.tgz. Extracting by manifest.
1698 silly tarball no local data for math-intrinsics@https://registry.npmjs.org/math-intrinsics/-/math-intrinsics-1.1.0.tgz. Extracting by manifest.
1699 silly tarball no local data for hasown@https://registry.npmjs.org/hasown/-/hasown-2.0.4.tgz. Extracting by manifest.
1700 silly tarball no local data for engine.io@https://registry.npmjs.org/engine.io/-/engine.io-6.6.10.tgz. Extracting by manifest.
1701 silly tarball no local data for has-symbols@https://registry.npmjs.org/has-symbols/-/has-symbols-1.1.0.tgz. Extracting by manifest.
1702 silly tarball no local data for base64id@https://registry.npmjs.org/base64id/-/base64id-2.0.0.tgz. Extracting by manifest.
1703 silly tarball no local data for get-proto@https://registry.npmjs.org/get-proto/-/get-proto-1.0.1.tgz. Extracting by manifest.
1704 silly tarball no local data for gopd@https://registry.npmjs.org/gopd/-/gopd-1.2.0.tgz. Extracting by manifest.
1705 silly tarball no local data for function-bind@https://registry.npmjs.org/function-bind/-/function-bind-1.1.2.tgz. Extracting by manifest.
1706 silly tarball no local data for call-bind-apply-helpers@https://registry.npmjs.org/call-bind-apply-helpers/-/call-bind-apply-helpers-1.0.2.tgz. Extracting by manifest.
1707 silly tarball no local data for get-intrinsic@https://registry.npmjs.org/get-intrinsic/-/get-intrinsic-1.3.0.tgz. Extracting by manifest.
1708 silly tarball no local data for call-bound@https://registry.npmjs.org/call-bound/-/call-bound-1.0.4.tgz. Extracting by manifest.
1709 silly tarball no local data for side-channel-weakmap@https://registry.npmjs.org/side-channel-weakmap/-/side-channel-weakmap-1.0.2.tgz. Extracting by manifest.
1710 silly tarball no local data for side-channel-map@https://registry.npmjs.org/side-channel-map/-/side-channel-map-1.0.1.tgz. Extracting by manifest.
1711 silly tarball no local data for es-object-atoms@https://registry.npmjs.org/es-object-atoms/-/es-object-atoms-1.1.2.tgz. Extracting by manifest.
1712 silly tarball no local data for side-channel-list@https://registry.npmjs.org/side-channel-list/-/side-channel-list-1.0.1.tgz. Extracting by manifest.
1713 silly tarball no local data for object-inspect@https://registry.npmjs.org/object-inspect/-/object-inspect-1.13.4.tgz. Extracting by manifest.
1714 silly tarball no local data for es-errors@https://registry.npmjs.org/es-errors/-/es-errors-1.3.0.tgz. Extracting by manifest.
1715 silly tarball no local data for es-define-property@https://registry.npmjs.org/es-define-property/-/es-define-property-1.0.1.tgz. Extracting by manifest.
1716 silly tarball no local data for side-channel@https://registry.npmjs.org/side-channel/-/side-channel-1.1.1.tgz. Extracting by manifest.
1717 silly tarball no local data for ipaddr.js@https://registry.npmjs.org/ipaddr.js/-/ipaddr.js-1.9.1.tgz. Extracting by manifest.
1718 silly tarball no local data for binary-extensions@https://registry.npmjs.org/binary-extensions/-/binary-extensions-2.3.0.tgz. Extracting by manifest.
1719 silly tarball no local data for ee-first@https://registry.npmjs.org/ee-first/-/ee-first-1.1.1.tgz. Extracting by manifest.
1720 silly tarball no local data for mime@https://registry.npmjs.org/mime/-/mime-1.6.0.tgz. Extracting by manifest.
1721 silly tarball no local data for is-extglob@https://registry.npmjs.org/is-extglob/-/is-extglob-2.1.1.tgz. Extracting by manifest.
1722 silly tarball no local data for fill-range@https://registry.npmjs.org/fill-range/-/fill-range-7.1.1.tgz. Extracting by manifest.
1723 silly tarball no local data for picomatch@https://registry.npmjs.org/picomatch/-/picomatch-2.3.2.tgz. Extracting by manifest.
1724 silly tarball no local data for normalize-path@https://registry.npmjs.org/normalize-path/-/normalize-path-3.0.0.tgz. Extracting by manifest.
1725 silly tarball no local data for forwarded@https://registry.npmjs.org/forwarded/-/forwarded-0.2.0.tgz. Extracting by manifest.
1726 silly tarball no local data for readdirp@https://registry.npmjs.org/readdirp/-/readdirp-3.6.0.tgz. Extracting by manifest.
1727 silly tarball no local data for is-glob@https://registry.npmjs.org/is-glob/-/is-glob-4.0.3.tgz. Extracting by manifest.
1728 silly tarball no local data for glob-parent@https://registry.npmjs.org/glob-parent/-/glob-parent-5.1.2.tgz. Extracting by manifest.
1729 silly tarball no local data for to-regex-range@https://registry.npmjs.org/to-regex-range/-/to-regex-range-5.0.1.tgz. Extracting by manifest.
1730 silly tarball no local data for braces@https://registry.npmjs.org/braces/-/braces-3.0.3.tgz. Extracting by manifest.
1731 silly tarball no local data for is-binary-path@https://registry.npmjs.org/is-binary-path/-/is-binary-path-2.1.0.tgz. Extracting by manifest.
1732 silly tarball no local data for anymatch@https://registry.npmjs.org/anymatch/-/anymatch-3.1.3.tgz. Extracting by manifest.
1733 silly tarball no local data for undefsafe@https://registry.npmjs.org/undefsafe/-/undefsafe-2.0.5.tgz. Extracting by manifest.
1734 silly tarball no local data for touch@https://registry.npmjs.org/touch/-/touch-3.1.1.tgz. Extracting by manifest.
1735 silly tarball no local data for simple-update-notifier@https://registry.npmjs.org/simple-update-notifier/-/simple-update-notifier-2.0.0.tgz. Extracting by manifest.
1736 silly tarball no local data for pstree.remy@https://registry.npmjs.org/pstree.remy/-/pstree.remy-1.1.8.tgz. Extracting by manifest.
1737 silly tarball no local data for semver@https://registry.npmjs.org/semver/-/semver-7.8.5.tgz. Extracting by manifest.
1738 silly tarball no local data for supports-color@https://registry.npmjs.org/supports-color/-/supports-color-5.5.0.tgz. Extracting by manifest.
1739 silly tarball no local data for ignore-by-default@https://registry.npmjs.org/ignore-by-default/-/ignore-by-default-1.0.1.tgz. Extracting by manifest.
1740 silly tarball no local data for chokidar@https://registry.npmjs.org/chokidar/-/chokidar-3.6.0.tgz. Extracting by manifest.
1741 silly tarball no local data for brace-expansion@https://registry.npmjs.org/brace-expansion/-/brace-expansion-2.1.4.tgz. Extracting by manifest.
1742 silly tarball no local data for balanced-match@https://registry.npmjs.org/balanced-match/-/balanced-match-1.0.2.tgz. Extracting by manifest.
1743 silly tarball no local data for mime-db@https://registry.npmjs.org/mime-db/-/mime-db-1.52.0.tgz. Extracting by manifest.
1744 silly tarball no local data for minimatch@https://registry.npmjs.org/minimatch/-/minimatch-5.1.9.tgz. Extracting by manifest.
1745 silly tarball no local data for async@https://registry.npmjs.org/async/-/async-3.2.6.tgz. Extracting by manifest.
1746 silly tarball no local data for safer-buffer@https://registry.npmjs.org/safer-buffer/-/safer-buffer-2.1.2.tgz. Extracting by manifest.
1747 silly tarball no local data for picocolors@https://registry.npmjs.org/picocolors/-/picocolors-1.1.1.tgz. Extracting by manifest.
1748 silly tarball no local data for filelist@https://registry.npmjs.org/filelist/-/filelist-1.0.6.tgz. Extracting by manifest.
1749 silly tarball no local data for toidentifier@https://registry.npmjs.org/toidentifier/-/toidentifier-1.0.1.tgz. Extracting by manifest.
1750 silly tarball no local data for inherits@https://registry.npmjs.org/inherits/-/inherits-2.0.4.tgz. Extracting by manifest.
1751 silly tarball no local data for iconv-lite@https://registry.npmjs.org/iconv-lite/-/iconv-lite-0.4.24.tgz. Extracting by manifest.
1752 silly tarball no local data for unpipe@https://registry.npmjs.org/unpipe/-/unpipe-1.0.0.tgz. Extracting by manifest.
1753 silly tarball no local data for raw-body@https://registry.npmjs.org/raw-body/-/raw-body-2.5.3.tgz. Extracting by manifest.
1754 silly tarball no local data for bytes@https://registry.npmjs.org/bytes/-/bytes-3.1.2.tgz. Extracting by manifest.
1755 silly tarball no local data for negotiator@https://registry.npmjs.org/negotiator/-/negotiator-0.6.3.tgz. Extracting by manifest.
1756 silly tarball no local data for destroy@https://registry.npmjs.org/destroy/-/destroy-1.2.0.tgz. Extracting by manifest.
1757 silly tarball no local data for utils-merge@https://registry.npmjs.org/utils-merge/-/utils-merge-1.0.1.tgz. Extracting by manifest.
1758 silly tarball no local data for statuses@https://registry.npmjs.org/statuses/-/statuses-2.0.2.tgz. Extracting by manifest.
1759 silly tarball no local data for mime-types@https://registry.npmjs.org/mime-types/-/mime-types-2.1.35.tgz. Extracting by manifest.
1760 silly tarball no local data for setprototypeof@https://registry.npmjs.org/setprototypeof/-/setprototypeof-1.2.0.tgz. Extracting by manifest.
1761 silly tarball no local data for serve-static@https://registry.npmjs.org/serve-static/-/serve-static-1.16.3.tgz. Extracting by manifest.
1762 silly tarball no local data for type-is@https://registry.npmjs.org/type-is/-/type-is-1.6.18.tgz. Extracting by manifest.
1763 silly tarball no local data for send@https://registry.npmjs.org/send/-/send-0.19.2.tgz. Extracting by manifest.
1764 silly tarball no local data for qs@https://registry.npmjs.org/qs/-/qs-6.15.3.tgz. Extracting by manifest.
1765 silly tarball no local data for range-parser@https://registry.npmjs.org/range-parser/-/range-parser-1.2.1.tgz. Extracting by manifest.
1766 silly tarball no local data for safe-buffer@https://registry.npmjs.org/safe-buffer/-/safe-buffer-5.2.1.tgz. Extracting by manifest.
1767 silly tarball no local data for proxy-addr@https://registry.npmjs.org/proxy-addr/-/proxy-addr-2.0.7.tgz. Extracting by manifest.
1768 silly tarball no local data for parseurl@https://registry.npmjs.org/parseurl/-/parseurl-1.3.3.tgz. Extracting by manifest.
1769 silly tarball no local data for on-finished@https://registry.npmjs.org/on-finished/-/on-finished-2.4.1.tgz. Extracting by manifest.
1770 silly tarball no local data for path-to-regexp@https://registry.npmjs.org/path-to-regexp/-/path-to-regexp-0.1.13.tgz. Extracting by manifest.
1771 silly tarball no local data for methods@https://registry.npmjs.org/methods/-/methods-1.1.2.tgz. Extracting by manifest.
1772 silly tarball no local data for http-errors@https://registry.npmjs.org/http-errors/-/http-errors-2.0.1.tgz. Extracting by manifest.
1773 silly tarball no local data for escape-html@https://registry.npmjs.org/escape-html/-/escape-html-1.0.3.tgz. Extracting by manifest.
1774 silly tarball no local data for finalhandler@https://registry.npmjs.org/finalhandler/-/finalhandler-1.3.2.tgz. Extracting by manifest.
1775 silly tarball no local data for merge-descriptors@https://registry.npmjs.org/merge-descriptors/-/merge-descriptors-1.0.3.tgz. Extracting by manifest.
1776 silly tarball no local data for etag@https://registry.npmjs.org/etag/-/etag-1.8.1.tgz. Extracting by manifest.
1777 silly tarball no local data for fresh@https://registry.npmjs.org/fresh/-/fresh-0.5.2.tgz. Extracting by manifest.
1778 silly tarball no local data for depd@https://registry.npmjs.org/depd/-/depd-2.0.0.tgz. Extracting by manifest.
1779 silly tarball no local data for cookie-signature@https://registry.npmjs.org/cookie-signature/-/cookie-signature-1.0.7.tgz. Extracting by manifest.
1780 silly tarball no local data for cookie@https://registry.npmjs.org/cookie/-/cookie-0.7.2.tgz. Extracting by manifest.
1781 silly tarball no local data for encodeurl@https://registry.npmjs.org/encodeurl/-/encodeurl-2.0.0.tgz. Extracting by manifest.
1782 silly tarball no local data for content-type@https://registry.npmjs.org/content-type/-/content-type-1.0.5.tgz. Extracting by manifest.
1783 silly tarball no local data for body-parser@https://registry.npmjs.org/body-parser/-/body-parser-1.20.6.tgz. Extracting by manifest.
1784 silly tarball no local data for content-disposition@https://registry.npmjs.org/content-disposition/-/content-disposition-0.5.4.tgz. Extracting by manifest.
1785 silly tarball no local data for array-flatten@https://registry.npmjs.org/array-flatten/-/array-flatten-1.1.1.tgz. Extracting by manifest.
1786 silly tarball no local data for ms@https://registry.npmjs.org/ms/-/ms-2.1.3.tgz. Extracting by manifest.
1787 silly tarball no local data for accepts@https://registry.npmjs.org/accepts/-/accepts-1.3.8.tgz. Extracting by manifest.
1788 silly tarball no local data for vary@https://registry.npmjs.org/vary/-/vary-1.1.2.tgz. Extracting by manifest.
1789 silly tarball no local data for jake@https://registry.npmjs.org/jake/-/jake-10.9.4.tgz. Extracting by manifest.
1790 silly tarball no local data for debug@https://registry.npmjs.org/debug/-/debug-4.3.7.tgz. Extracting by manifest.
1791 silly tarball no local data for object-assign@https://registry.npmjs.org/object-assign/-/object-assign-4.1.1.tgz. Extracting by manifest.
1792 silly tarball no local data for sqlite3@https://registry.npmjs.org/sqlite3/-/sqlite3-5.1.7.tgz. Extracting by manifest.
1793 silly tarball no local data for nodemon@https://registry.npmjs.org/nodemon/-/nodemon-3.1.14.tgz. Extracting by manifest.
1794 silly tarball no local data for @types/bcryptjs@https://registry.npmjs.org/@types/bcryptjs/-/bcryptjs-2.4.6.tgz. Extracting by manifest.
1795 silly tarball no local data for dotenv@https://registry.npmjs.org/dotenv/-/dotenv-16.6.1.tgz. Extracting by manifest.
1796 silly tarball no local data for cors@https://registry.npmjs.org/cors/-/cors-2.8.6.tgz. Extracting by manifest.
1797 silly tarball no local data for ejs@https://registry.npmjs.org/ejs/-/ejs-3.1.10.tgz. Extracting by manifest.
1798 silly tarball no local data for express@https://registry.npmjs.org/express/-/express-4.22.2.tgz. Extracting by manifest.
1799 silly tarball no local data for @socket.io/admin-ui@https://registry.npmjs.org/@socket.io/admin-ui/-/admin-ui-0.5.1.tgz. Extracting by manifest.
1800 silly tarball no local data for chownr@https://registry.npmjs.org/chownr/-/chownr-1.1.4.tgz. Extracting by manifest.
1801 silly tarball no local data for bcryptjs@https://registry.npmjs.org/bcryptjs/-/bcryptjs-2.4.3.tgz. Extracting by manifest.
1802 silly tarball no local data for minipass@https://registry.npmjs.org/minipass/-/minipass-5.0.0.tgz. Extracting by manifest.
1803 silly tarball no local data for iconv-lite@https://registry.npmjs.org/iconv-lite/-/iconv-lite-0.6.3.tgz. Extracting by manifest.
1804 silly tarball no local data for socket.io@https://registry.npmjs.org/socket.io/-/socket.io-4.8.3.tgz. Extracting by manifest.
1805 silly tarball no local data for brace-expansion@https://registry.npmjs.org/brace-expansion/-/brace-expansion-1.1.18.tgz. Extracting by manifest.
1806 silly tarball no local data for minimatch@https://registry.npmjs.org/minimatch/-/minimatch-3.1.5.tgz. Extracting by manifest.
1807 silly tarball no local data for debug@https://registry.npmjs.org/debug/-/debug-4.4.3.tgz. Extracting by manifest.
1808 silly tarball no local data for debug@https://registry.npmjs.org/debug/-/debug-2.6.9.tgz. Extracting by manifest.
1809 silly tarball no local data for debug@https://registry.npmjs.org/debug/-/debug-4.4.3.tgz. Extracting by manifest.
1810 silly tarball no local data for ms@https://registry.npmjs.org/ms/-/ms-2.0.0.tgz. Extracting by manifest.
1811 silly tarball no local data for debug@https://registry.npmjs.org/debug/-/debug-4.4.3.tgz. Extracting by manifest.
1812 silly tarball no local data for ms@https://registry.npmjs.org/ms/-/ms-2.0.0.tgz. Extracting by manifest.
1813 silly tarball no local data for debug@https://registry.npmjs.org/debug/-/debug-2.6.9.tgz. Extracting by manifest.
1814 silly tarball no local data for ms@https://registry.npmjs.org/ms/-/ms-2.0.0.tgz. Extracting by manifest.
1815 silly tarball no local data for debug@https://registry.npmjs.org/debug/-/debug-2.6.9.tgz. Extracting by manifest.
1816 silly tarball no local data for ms@https://registry.npmjs.org/ms/-/ms-2.0.0.tgz. Extracting by manifest.
1817 silly tarball no local data for debug@https://registry.npmjs.org/debug/-/debug-4.4.3.tgz. Extracting by manifest.
1818 silly tarball no local data for brace-expansion@https://registry.npmjs.org/brace-expansion/-/brace-expansion-5.0.9.tgz. Extracting by manifest.
1819 silly tarball no local data for minimatch@https://registry.npmjs.org/minimatch/-/minimatch-10.2.6.tgz. Extracting by manifest.
1820 silly tarball no local data for debug@https://registry.npmjs.org/debug/-/debug-2.6.9.tgz. Extracting by manifest.
1821 silly tarball no local data for balanced-match@https://registry.npmjs.org/balanced-match/-/balanced-match-4.0.4.tgz. Extracting by manifest.
1822 http fetch GET 200 https://registry.npmjs.org/tar-stream/-/tar-stream-2.2.0.tgz 232ms (cache miss)
1823 http fetch GET 200 https://registry.npmjs.org/concat-map/-/concat-map-0.0.1.tgz 238ms (cache miss)
1824 http fetch GET 200 https://registry.npmjs.org/unique-slug/-/unique-slug-2.0.2.tgz 238ms (cache miss)
1825 http fetch GET 200 https://registry.npmjs.org/is-number/-/is-number-7.0.0.tgz 255ms (cache miss)
1826 http fetch GET 200 https://registry.npmjs.org/isexe/-/isexe-2.0.0.tgz 256ms (cache miss)
1827 http fetch GET 200 https://registry.npmjs.org/base64-js/-/base64-js-1.5.1.tgz 256ms (cache miss)
1828 http fetch GET 200 https://registry.npmjs.org/media-typer/-/media-typer-0.3.0.tgz 257ms (cache miss)
1829 http fetch GET 200 https://registry.npmjs.org/fs-constants/-/fs-constants-1.0.0.tgz 256ms (cache miss)
1830 http fetch GET 200 https://registry.npmjs.org/emoji-regex/-/emoji-regex-8.0.0.tgz 255ms (cache miss)
1831 http fetch GET 200 https://registry.npmjs.org/has-flag/-/has-flag-3.0.0.tgz 256ms (cache miss)
1832 http fetch GET 200 https://registry.npmjs.org/imurmurhash/-/imurmurhash-0.1.4.tgz 259ms (cache miss)
1833 http fetch GET 200 https://registry.npmjs.org/ansi-regex/-/ansi-regex-5.0.1.tgz 260ms (cache miss)
1834 http fetch GET 200 https://registry.npmjs.org/simple-concat/-/simple-concat-1.0.1.tgz 259ms (cache miss)
1835 http fetch GET 200 https://registry.npmjs.org/mimic-response/-/mimic-response-3.1.0.tgz 260ms (cache miss)
1836 http fetch GET 200 https://registry.npmjs.org/util-deprecate/-/util-deprecate-1.0.2.tgz 261ms (cache miss)
1837 http fetch GET 200 https://registry.npmjs.org/ieee754/-/ieee754-1.2.1.tgz 275ms (cache miss)
1838 http fetch GET 200 https://registry.npmjs.org/is-fullwidth-code-point/-/is-fullwidth-code-point-3.0.0.tgz 274ms (cache miss)
1839 http fetch GET 200 https://registry.npmjs.org/decompress-response/-/decompress-response-6.0.0.tgz 274ms (cache miss)
1840 http fetch GET 200 https://registry.npmjs.org/simple-get/-/simple-get-4.0.1.tgz 274ms (cache miss)
1841 http fetch GET 200 https://registry.npmjs.org/end-of-stream/-/end-of-stream-1.4.5.tgz 276ms (cache miss)
1842 http fetch GET 200 https://registry.npmjs.org/strip-json-comments/-/strip-json-comments-2.0.1.tgz 277ms (cache miss)
1843 http fetch GET 200 https://registry.npmjs.org/tunnel-agent/-/tunnel-agent-0.6.0.tgz 279ms (cache miss)
1844 http fetch GET 200 https://registry.npmjs.org/pump/-/pump-3.0.4.tgz 285ms (cache miss)
1845 http fetch GET 200 https://registry.npmjs.org/deep-extend/-/deep-extend-0.6.0.tgz 286ms (cache miss)
1846 http fetch GET 200 https://registry.npmjs.org/err-code/-/err-code-2.0.3.tgz 287ms (cache miss)
1847 http fetch GET 200 https://registry.npmjs.org/string_decoder/-/string_decoder-1.3.0.tgz 288ms (cache miss)
1848 http fetch GET 200 https://registry.npmjs.org/tar-fs/-/tar-fs-2.1.5.tgz 302ms (cache miss)
1849 http fetch GET 200 https://registry.npmjs.org/rc/-/rc-1.2.8.tgz 306ms (cache miss)
1850 http fetch GET 200 https://registry.npmjs.org/mkdirp-classic/-/mkdirp-classic-0.5.3.tgz 306ms (cache miss)
1851 http fetch GET 200 https://registry.npmjs.org/node-abi/-/node-abi-3.96.0.tgz 312ms (cache miss)
1852 http fetch GET 200 https://registry.npmjs.org/napi-build-utils/-/napi-build-utils-2.0.0.tgz 313ms (cache miss)
1853 http fetch GET 200 https://registry.npmjs.org/ini/-/ini-1.3.8.tgz 316ms (cache miss)
1854 http fetch GET 200 https://registry.npmjs.org/github-from-package/-/github-from-package-0.0.0.tgz 318ms (cache miss)
1855 http fetch GET 200 https://registry.npmjs.org/clean-stack/-/clean-stack-2.2.0.tgz 318ms (cache miss)
1856 http fetch GET 200 https://registry.npmjs.org/aggregate-error/-/aggregate-error-3.1.0.tgz 323ms (cache miss)
1857 http fetch GET 200 https://registry.npmjs.org/buffer/-/buffer-5.7.1.tgz 335ms (cache miss)
1858 http fetch GET 200 https://registry.npmjs.org/string-width/-/string-width-4.2.3.tgz 334ms (cache miss)
1859 http fetch GET 200 https://registry.npmjs.org/has-unicode/-/has-unicode-2.0.1.tgz 335ms (cache miss)
1860 http fetch GET 200 https://registry.npmjs.org/color-support/-/color-support-1.1.3.tgz 336ms (cache miss)
1861 http fetch GET 200 https://registry.npmjs.org/indent-string/-/indent-string-4.0.0.tgz 338ms (cache miss)
1862 http fetch GET 200 https://registry.npmjs.org/expand-template/-/expand-template-2.0.3.tgz 338ms (cache miss)
1863 http fetch GET 200 https://registry.npmjs.org/wide-align/-/wide-align-1.1.5.tgz 341ms (cache miss)
1864 http fetch GET 200 https://registry.npmjs.org/aproba/-/aproba-2.1.0.tgz 340ms (cache miss)
1865 http fetch GET 200 https://registry.npmjs.org/set-blocking/-/set-blocking-2.0.0.tgz 342ms (cache miss)
1866 http fetch GET 200 https://registry.npmjs.org/are-we-there-yet/-/are-we-there-yet-3.0.1.tgz 348ms (cache miss)
1867 http fetch GET 200 https://registry.npmjs.org/strip-ansi/-/strip-ansi-6.0.1.tgz 352ms (cache miss)
1868 http fetch GET 200 https://registry.npmjs.org/signal-exit/-/signal-exit-3.0.7.tgz 358ms (cache miss)
1869 http fetch GET 200 https://registry.npmjs.org/abbrev/-/abbrev-1.1.1.tgz 357ms (cache miss)
1870 http fetch GET 200 https://registry.npmjs.org/gauge/-/gauge-4.0.4.tgz 363ms (cache miss)
1871 http fetch GET 200 https://registry.npmjs.org/promise-inflight/-/promise-inflight-1.0.1.tgz 362ms (cache miss)
1872 http fetch GET 200 https://registry.npmjs.org/agent-base/-/agent-base-6.0.2.tgz 363ms (cache miss)
1873 http fetch GET 200 https://registry.npmjs.org/delegates/-/delegates-1.0.0.tgz 370ms (cache miss)
1874 http fetch GET 200 https://registry.npmjs.org/encoding/-/encoding-0.1.13.tgz 369ms (cache miss)
1875 http fetch GET 200 https://registry.npmjs.org/minizlib/-/minizlib-2.1.2.tgz 375ms (cache miss)
1876 http fetch GET 200 https://registry.npmjs.org/console-control-strings/-/console-control-strings-1.1.0.tgz 386ms (cache miss)
1877 http fetch GET 200 https://registry.npmjs.org/mkdirp/-/mkdirp-1.0.4.tgz 386ms (cache miss)
1878 http fetch GET 200 https://registry.npmjs.org/unique-filename/-/unique-filename-1.1.1.tgz 391ms (cache miss)
1879 http fetch GET 200 https://registry.npmjs.org/infer-owner/-/infer-owner-1.0.4.tgz 390ms (cache miss)
1880 http fetch GET 200 https://registry.npmjs.org/p-map/-/p-map-4.0.0.tgz 395ms (cache miss)
1881 http fetch GET 200 https://registry.npmjs.org/fs-minipass/-/fs-minipass-2.1.0.tgz 395ms (cache miss)
1882 http fetch GET 200 https://registry.npmjs.org/yallist/-/yallist-4.0.0.tgz 399ms (cache miss)
1883 http fetch GET 200 https://registry.npmjs.org/chownr/-/chownr-2.0.0.tgz 400ms (cache miss)
1884 http fetch GET 200 https://registry.npmjs.org/promise-retry/-/promise-retry-2.0.1.tgz 402ms (cache miss)
1885 http fetch GET 200 https://registry.npmjs.org/minipass-flush/-/minipass-flush-1.0.7.tgz 402ms (cache miss)
1886 http fetch GET 200 https://registry.npmjs.org/humanize-ms/-/humanize-ms-1.2.1.tgz 611ms (cache miss)
1887 http fetch GET 200 https://registry.npmjs.org/minipass-pipeline/-/minipass-pipeline-1.2.4.tgz 613ms (cache miss)
1888 http fetch GET 200 https://registry.npmjs.org/is-lambda/-/is-lambda-1.0.1.tgz 625ms (cache miss)
1889 http fetch GET 200 https://registry.npmjs.org/socks-proxy-agent/-/socks-proxy-agent-6.2.1.tgz 627ms (cache miss)
1890 http fetch GET 200 https://registry.npmjs.org/lru-cache/-/lru-cache-6.0.0.tgz 640ms (cache miss)
1891 http fetch GET 200 https://registry.npmjs.org/minipass-fetch/-/minipass-fetch-1.4.1.tgz 642ms (cache miss)
1892 http fetch GET 200 https://registry.npmjs.org/http-proxy-agent/-/http-proxy-agent-4.0.1.tgz 643ms (cache miss)
1893 http fetch GET 200 https://registry.npmjs.org/minipass-collect/-/minipass-collect-1.0.2.tgz 665ms (cache miss)
1894 http fetch GET 200 https://registry.npmjs.org/once/-/once-1.4.0.tgz 678ms (cache miss)
1895 http fetch GET 200 https://registry.npmjs.org/http-cache-semantics/-/http-cache-semantics-4.2.0.tgz 679ms (cache miss)
1896 http fetch GET 200 https://registry.npmjs.org/ssri/-/ssri-8.0.1.tgz 683ms (cache miss)
1897 http fetch GET 200 https://registry.npmjs.org/bl/-/bl-4.1.0.tgz 703ms (cache miss)
1898 http fetch GET 200 https://registry.npmjs.org/wrappy/-/wrappy-1.0.2.tgz 703ms (cache miss)
1899 http fetch GET 200 https://registry.npmjs.org/detect-libc/-/detect-libc-2.1.2.tgz 718ms (cache miss)
1900 http fetch GET 200 https://registry.npmjs.org/agentkeepalive/-/agentkeepalive-4.6.0.tgz 704ms (cache miss)
1901 http fetch GET 200 https://registry.npmjs.org/inflight/-/inflight-1.0.6.tgz 714ms (cache miss)
1902 http fetch GET 200 https://registry.npmjs.org/path-is-absolute/-/path-is-absolute-1.0.1.tgz 720ms (cache miss)
1903 http fetch GET 200 https://registry.npmjs.org/https-proxy-agent/-/https-proxy-agent-5.0.1.tgz 732ms (cache miss)
1904 http fetch GET 200 https://registry.npmjs.org/minipass/-/minipass-3.3.6.tgz 734ms (cache miss)
1905 http fetch GET 200 https://registry.npmjs.org/fs.realpath/-/fs.realpath-1.0.0.tgz 733ms (cache miss)
1906 http fetch GET 200 https://registry.npmjs.org/which/-/which-2.0.2.tgz 735ms (cache miss)
1907 warn deprecated inflight@1.0.6: This module is not supported, and leaks memory. Do not use it. Check out lru-cache if you want a good and tested way to coalesce async requests by a key value, which is much more comprehensive and powerful.
1908 http fetch GET 200 https://registry.npmjs.org/env-paths/-/env-paths-2.2.1.tgz 756ms (cache miss)
1909 http fetch GET 200 https://registry.npmjs.org/graceful-fs/-/graceful-fs-4.2.11.tgz 770ms (cache miss)
1910 http fetch GET 200 https://registry.npmjs.org/file-uri-to-path/-/file-uri-to-path-1.0.0.tgz 769ms (cache miss)
1911 http fetch GET 200 https://registry.npmjs.org/npmlog/-/npmlog-6.0.2.tgz 774ms (cache miss)
1912 http fetch GET 200 https://registry.npmjs.org/nopt/-/nopt-5.0.0.tgz 784ms (cache miss)
1913 http fetch GET 200 https://registry.npmjs.org/bindings/-/bindings-1.5.0.tgz 806ms (cache miss)
1914 warn deprecated npmlog@6.0.2: This package is no longer supported.
1915 warn deprecated are-we-there-yet@3.0.1: This package is no longer supported.
1916 http fetch GET 200 https://registry.npmjs.org/minipass-sized/-/minipass-sized-1.0.3.tgz 875ms (cache miss)
1917 http fetch GET 200 https://registry.npmjs.org/@types/ws/-/ws-8.18.1.tgz 869ms (cache miss)
1918 http fetch GET 200 https://registry.npmjs.org/dunder-proto/-/dunder-proto-1.0.1.tgz 872ms (cache miss)
1919 http fetch GET 200 https://registry.npmjs.org/hasown/-/hasown-2.0.4.tgz 873ms (cache miss)
1920 http fetch GET 200 https://registry.npmjs.org/get-proto/-/get-proto-1.0.1.tgz 873ms (cache miss)
1921 http fetch GET 200 https://registry.npmjs.org/has-symbols/-/has-symbols-1.1.0.tgz 875ms (cache miss)
1922 http fetch GET 200 https://registry.npmjs.org/side-channel/-/side-channel-1.1.1.tgz 881ms (cache miss)
1923 http fetch GET 200 https://registry.npmjs.org/side-channel-weakmap/-/side-channel-weakmap-1.0.2.tgz 883ms (cache miss)
1924 http fetch GET 200 https://registry.npmjs.org/ee-first/-/ee-first-1.1.1.tgz 881ms (cache miss)
1925 http fetch GET 200 https://registry.npmjs.org/es-define-property/-/es-define-property-1.0.1.tgz 882ms (cache miss)
1926 http fetch GET 200 https://registry.npmjs.org/anymatch/-/anymatch-3.1.3.tgz 880ms (cache miss)
1927 http fetch GET 200 https://registry.npmjs.org/ipaddr.js/-/ipaddr.js-1.9.1.tgz 882ms (cache miss)
1928 http fetch GET 200 https://registry.npmjs.org/normalize-path/-/normalize-path-3.0.0.tgz 881ms (cache miss)
1929 http fetch GET 200 https://registry.npmjs.org/forwarded/-/forwarded-0.2.0.tgz 881ms (cache miss)
1930 http fetch GET 200 https://registry.npmjs.org/glob-parent/-/glob-parent-5.1.2.tgz 880ms (cache miss)
1931 http fetch GET 200 https://registry.npmjs.org/@tootallnate/once/-/once-1.1.2.tgz 902ms (cache miss)
1932 http fetch GET 200 https://registry.npmjs.org/is-glob/-/is-glob-4.0.3.tgz 881ms (cache miss)
1933 http fetch GET 200 https://registry.npmjs.org/to-regex-range/-/to-regex-range-5.0.1.tgz 881ms (cache miss)
1934 http fetch GET 200 https://registry.npmjs.org/@npmcli/move-file/-/move-file-1.1.2.tgz 902ms (cache miss)
1935 http fetch GET 200 https://registry.npmjs.org/@gar/promisify/-/promisify-1.1.3.tgz 905ms (cache miss)
1936 http fetch GET 200 https://registry.npmjs.org/@npmcli/fs/-/fs-1.1.1.tgz 903ms (cache miss)
1937 http fetch GET 200 https://registry.npmjs.org/brace-expansion/-/brace-expansion-2.1.4.tgz 881ms (cache miss)
1938 http fetch GET 200 https://registry.npmjs.org/supports-color/-/supports-color-5.5.0.tgz 882ms (cache miss)
1939 http fetch GET 200 https://registry.npmjs.org/ignore-by-default/-/ignore-by-default-1.0.1.tgz 882ms (cache miss)
1940 http fetch GET 200 https://registry.npmjs.org/picocolors/-/picocolors-1.1.1.tgz 882ms (cache miss)
1941 http fetch GET 200 https://registry.npmjs.org/inherits/-/inherits-2.0.4.tgz 881ms (cache miss)
1942 http fetch GET 200 https://registry.npmjs.org/toidentifier/-/toidentifier-1.0.1.tgz 881ms (cache miss)
1943 http fetch GET 200 https://registry.npmjs.org/rimraf/-/rimraf-3.0.2.tgz 898ms (cache miss)
1944 http fetch GET 200 https://registry.npmjs.org/raw-body/-/raw-body-2.5.3.tgz 885ms (cache miss)
1945 http fetch GET 200 https://registry.npmjs.org/destroy/-/destroy-1.2.0.tgz 901ms (cache miss)
1946 http fetch GET 200 https://registry.npmjs.org/math-intrinsics/-/math-intrinsics-1.1.0.tgz 921ms (cache miss)
1947 http fetch GET 200 https://registry.npmjs.org/call-bind-apply-helpers/-/call-bind-apply-helpers-1.0.2.tgz 921ms (cache miss)
1948 http fetch GET 200 https://registry.npmjs.org/gopd/-/gopd-1.2.0.tgz 922ms (cache miss)
1949 http fetch GET 200 https://registry.npmjs.org/get-intrinsic/-/get-intrinsic-1.3.0.tgz 922ms (cache miss)
1950 http fetch GET 200 https://registry.npmjs.org/es-object-atoms/-/es-object-atoms-1.1.2.tgz 922ms (cache miss)
1951 http fetch GET 200 https://registry.npmjs.org/base64id/-/base64id-2.0.0.tgz 925ms (cache miss)
1952 http fetch GET 200 https://registry.npmjs.org/fill-range/-/fill-range-7.1.1.tgz 921ms (cache miss)
1953 http fetch GET 200 https://registry.npmjs.org/is-extglob/-/is-extglob-2.1.1.tgz 922ms (cache miss)
1954 warn deprecated @npmcli/move-file@1.1.2: This functionality has been moved to @npmcli/fs
1955 http fetch GET 200 https://registry.npmjs.org/binary-extensions/-/binary-extensions-2.3.0.tgz 923ms (cache miss)
1956 http fetch GET 200 https://registry.npmjs.org/is-binary-path/-/is-binary-path-2.1.0.tgz 921ms (cache miss)
1957 http fetch GET 200 https://registry.npmjs.org/pstree.remy/-/pstree.remy-1.1.8.tgz 923ms (cache miss)
1958 http fetch GET 200 https://registry.npmjs.org/balanced-match/-/balanced-match-1.0.2.tgz 922ms (cache miss)
1959 http fetch GET 200 https://registry.npmjs.org/safer-buffer/-/safer-buffer-2.1.2.tgz 922ms (cache miss)
1960 http fetch GET 200 https://registry.npmjs.org/filelist/-/filelist-1.0.6.tgz 926ms (cache miss)
1961 http fetch GET 200 https://registry.npmjs.org/unpipe/-/unpipe-1.0.0.tgz 926ms (cache miss)
1962 http fetch GET 200 https://registry.npmjs.org/statuses/-/statuses-2.0.2.tgz 925ms (cache miss)
1963 http fetch GET 200 https://registry.npmjs.org/mime-types/-/mime-types-2.1.35.tgz 927ms (cache miss)
1964 http fetch GET 200 https://registry.npmjs.org/es-errors/-/es-errors-1.3.0.tgz 938ms (cache miss)
1965 http fetch GET 200 https://registry.npmjs.org/range-parser/-/range-parser-1.2.1.tgz 929ms (cache miss)
1966 http fetch GET 200 https://registry.npmjs.org/type-is/-/type-is-1.6.18.tgz 930ms (cache miss)
1967 http fetch GET 200 https://registry.npmjs.org/@socket.io/component-emitter/-/component-emitter-3.1.2.tgz 946ms (cache miss)
1968 http fetch GET 200 https://registry.npmjs.org/parseurl/-/parseurl-1.3.3.tgz 931ms (cache miss)
1969 http fetch GET 200 https://registry.npmjs.org/negotiator/-/negotiator-0.6.3.tgz 934ms (cache miss)
1970 warn deprecated rimraf@3.0.2: Rimraf versions prior to v4 are no longer supported
1971 http fetch GET 200 https://registry.npmjs.org/side-channel-map/-/side-channel-map-1.0.1.tgz 954ms (cache miss)
1972 http fetch GET 200 https://registry.npmjs.org/readdirp/-/readdirp-3.6.0.tgz 951ms (cache miss)
1973 http fetch GET 200 https://registry.npmjs.org/http-errors/-/http-errors-2.0.1.tgz 945ms (cache miss)
1974 http fetch GET 200 https://registry.npmjs.org/touch/-/touch-3.1.1.tgz 953ms (cache miss)
1975 http fetch GET 200 https://registry.npmjs.org/path-to-regexp/-/path-to-regexp-0.1.13.tgz 948ms (cache miss)
1976 http fetch GET 200 https://registry.npmjs.org/merge-descriptors/-/merge-descriptors-1.0.3.tgz 950ms (cache miss)
1977 http fetch GET 200 https://registry.npmjs.org/glob/-/glob-7.2.3.tgz 971ms (cache miss)
1978 http fetch GET 200 https://registry.npmjs.org/utils-merge/-/utils-merge-1.0.1.tgz 959ms (cache miss)
1979 http fetch GET 200 https://registry.npmjs.org/fresh/-/fresh-0.5.2.tgz 955ms (cache miss)
1980 http fetch GET 200 https://registry.npmjs.org/cookie/-/cookie-0.7.2.tgz 956ms (cache miss)
1981 http fetch GET 200 https://registry.npmjs.org/cookie-signature/-/cookie-signature-1.0.7.tgz 957ms (cache miss)
1982 http fetch GET 200 https://registry.npmjs.org/setprototypeof/-/setprototypeof-1.2.0.tgz 962ms (cache miss)
1983 http fetch GET 200 https://registry.npmjs.org/proxy-addr/-/proxy-addr-2.0.7.tgz 962ms (cache miss)
1984 http fetch GET 200 https://registry.npmjs.org/undefsafe/-/undefsafe-2.0.5.tgz 969ms (cache miss)
1985 http fetch GET 200 https://registry.npmjs.org/encodeurl/-/encodeurl-2.0.0.tgz 968ms (cache miss)
1986 http fetch GET 200 https://registry.npmjs.org/bytes/-/bytes-3.1.2.tgz 974ms (cache miss)
1987 http fetch GET 200 https://registry.npmjs.org/@types/cors/-/cors-2.8.19.tgz 994ms (cache miss)
1988 http fetch GET 200 https://registry.npmjs.org/on-finished/-/on-finished-2.4.1.tgz 978ms (cache miss)
1989 http fetch GET 200 https://registry.npmjs.org/array-flatten/-/array-flatten-1.1.1.tgz 975ms (cache miss)
1990 http fetch GET 200 https://registry.npmjs.org/finalhandler/-/finalhandler-1.3.2.tgz 978ms (cache miss)
1991 http fetch GET 200 https://registry.npmjs.org/methods/-/methods-1.1.2.tgz 981ms (cache miss)
1992 http fetch GET 200 https://registry.npmjs.org/escape-html/-/escape-html-1.0.3.tgz 980ms (cache miss)
1993 warn deprecated glob@7.2.3: Old versions of glob are not supported, and contain widely publicized security vulnerabilities, which have been fixed in the current version. Please update. Support for old versions may be purchased (at exorbitant rates) by contacting i@izs.me
1994 http fetch GET 200 https://registry.npmjs.org/ms/-/ms-2.1.3.tgz 984ms (cache miss)
1995 http fetch GET 200 https://registry.npmjs.org/debug/-/debug-4.3.7.tgz 984ms (cache miss)
1996 http fetch GET 200 https://registry.npmjs.org/safe-buffer/-/safe-buffer-5.2.1.tgz 992ms (cache miss)
1997 http fetch GET 200 https://registry.npmjs.org/content-type/-/content-type-1.0.5.tgz 993ms (cache miss)
1998 http fetch GET 200 https://registry.npmjs.org/cors/-/cors-2.8.6.tgz 993ms (cache miss)
1999 http fetch GET 200 https://registry.npmjs.org/content-disposition/-/content-disposition-0.5.4.tgz 1004ms (cache miss)
2000 http fetch GET 200 https://registry.npmjs.org/brace-expansion/-/brace-expansion-1.1.18.tgz 1002ms (cache miss)
2001 http fetch GET 200 https://registry.npmjs.org/vary/-/vary-1.1.2.tgz 1007ms (cache miss)
2002 http fetch GET 200 https://registry.npmjs.org/accepts/-/accepts-1.3.8.tgz 1007ms (cache miss)
2003 http fetch GET 200 https://registry.npmjs.org/object-assign/-/object-assign-4.1.1.tgz 1007ms (cache miss)
2004 http fetch GET 200 https://registry.npmjs.org/debug/-/debug-4.4.3.tgz 1005ms (cache miss)
2005 http fetch GET 200 https://registry.npmjs.org/serve-static/-/serve-static-1.16.3.tgz 1017ms (cache miss)
2006 http fetch GET 200 https://registry.npmjs.org/etag/-/etag-1.8.1.tgz 1017ms (cache miss)
2007 http fetch GET 200 https://registry.npmjs.org/ms/-/ms-2.0.0.tgz 1010ms (cache miss)
2008 http fetch GET 200 https://registry.npmjs.org/minimatch/-/minimatch-3.1.5.tgz 1013ms (cache miss)
2009 http fetch GET 200 https://registry.npmjs.org/brace-expansion/-/brace-expansion-5.0.9.tgz 1025ms (cache miss)
2010 http fetch GET 200 https://registry.npmjs.org/smart-buffer/-/smart-buffer-4.2.0.tgz 1075ms (cache miss)
2011 http fetch GET 200 https://registry.npmjs.org/balanced-match/-/balanced-match-4.0.4.tgz 1032ms (cache miss)
2012 http fetch GET 200 https://registry.npmjs.org/chownr/-/chownr-1.1.4.tgz 1037ms (cache miss)
2013 http fetch GET 200 https://registry.npmjs.org/minimatch/-/minimatch-5.1.9.tgz 1050ms (cache miss)
2014 http fetch GET 200 https://registry.npmjs.org/ms/-/ms-2.0.0.tgz 1046ms (cache miss)
2015 http fetch GET 200 https://registry.npmjs.org/ms/-/ms-2.0.0.tgz 1045ms (cache miss)
2016 http fetch GET 200 https://registry.npmjs.org/ms/-/ms-2.0.0.tgz 1045ms (cache miss)
2017 http fetch GET 200 https://registry.npmjs.org/send/-/send-0.19.2.tgz 1064ms (cache miss)
2018 http fetch GET 200 https://registry.npmjs.org/depd/-/depd-2.0.0.tgz 1067ms (cache miss)
2019 http fetch GET 200 https://registry.npmjs.org/mime-db/-/mime-db-1.52.0.tgz 1098ms (cache miss)
2020 http fetch GET 200 https://registry.npmjs.org/minipass/-/minipass-5.0.0.tgz 1095ms (cache miss)
2021 http fetch GET 200 https://registry.npmjs.org/@types/bcryptjs/-/bcryptjs-2.4.6.tgz 1104ms (cache miss)
2022 http fetch GET 200 https://registry.npmjs.org/chokidar/-/chokidar-3.6.0.tgz 1118ms (cache miss)
2023 http fetch GET 200 https://registry.npmjs.org/retry/-/retry-0.12.0.tgz 1156ms (cache miss)
2024 http fetch GET 200 https://registry.npmjs.org/debug/-/debug-4.4.3.tgz 1118ms (cache miss)
2025 http fetch GET 200 https://registry.npmjs.org/debug/-/debug-4.4.3.tgz 1119ms (cache miss)
2026 http fetch GET 200 https://registry.npmjs.org/mime/-/mime-1.6.0.tgz 1141ms (cache miss)
2027 http fetch GET 200 https://registry.npmjs.org/picomatch/-/picomatch-2.3.2.tgz 1140ms (cache miss)
2028 http fetch GET 200 https://registry.npmjs.org/debug/-/debug-4.4.3.tgz 1125ms (cache miss)
2029 http fetch GET 200 https://registry.npmjs.org/braces/-/braces-3.0.3.tgz 1143ms (cache miss)
2030 http fetch GET 200 https://registry.npmjs.org/call-bound/-/call-bound-1.0.4.tgz 1155ms (cache miss)
2031 http fetch GET 200 https://registry.npmjs.org/socket.io-adapter/-/socket.io-adapter-2.5.8.tgz 1169ms (cache miss)
2032 http fetch GET 200 https://registry.npmjs.org/function-bind/-/function-bind-1.1.2.tgz 1180ms (cache miss)
2033 http fetch GET 200 https://registry.npmjs.org/make-fetch-happen/-/make-fetch-happen-9.1.0.tgz 1190ms (cache miss)
2034 http fetch GET 200 https://registry.npmjs.org/side-channel-list/-/side-channel-list-1.0.1.tgz 1187ms (cache miss)
2035 warn deprecated gauge@4.0.4: This package is no longer supported.
2036 http fetch GET 200 https://registry.npmjs.org/body-parser/-/body-parser-1.20.6.tgz 1177ms (cache miss)
2037 http fetch GET 200 https://registry.npmjs.org/prebuild-install/-/prebuild-install-7.1.3.tgz 1201ms (cache miss)
2038 warn deprecated prebuild-install@7.1.3: No longer maintained. Please contact the author of the relevant native addon; alternatives are available.
2039 http fetch GET 200 https://registry.npmjs.org/ejs/-/ejs-3.1.10.tgz 1188ms (cache miss)
2040 http fetch GET 200 https://registry.npmjs.org/dotenv/-/dotenv-16.6.1.tgz 1194ms (cache miss)
2041 http fetch GET 200 https://registry.npmjs.org/simple-update-notifier/-/simple-update-notifier-2.0.0.tgz 1223ms (cache miss)
2042 http fetch GET 200 https://registry.npmjs.org/minimist/-/minimist-1.2.8.tgz 1294ms (cache miss)
2043 http fetch GET 200 https://registry.npmjs.org/cacache/-/cacache-15.3.0.tgz 1294ms (cache miss)
2044 http fetch GET 200 https://registry.npmjs.org/debug/-/debug-2.6.9.tgz 1264ms (cache miss)
2045 http fetch GET 200 https://registry.npmjs.org/debug/-/debug-2.6.9.tgz 1267ms (cache miss)
2046 http fetch GET 200 https://registry.npmjs.org/debug/-/debug-2.6.9.tgz 1268ms (cache miss)
2047 http fetch GET 200 https://registry.npmjs.org/debug/-/debug-2.6.9.tgz 1269ms (cache miss)
2048 http fetch GET 200 https://registry.npmjs.org/readable-stream/-/readable-stream-3.6.2.tgz 1318ms (cache miss)
2049 http fetch GET 200 https://registry.npmjs.org/ws/-/ws-8.21.3.tgz 1302ms (cache miss)
2050 http fetch GET 200 https://registry.npmjs.org/express/-/express-4.22.2.tgz 1294ms (cache miss)
2051 http fetch GET 200 https://registry.npmjs.org/node-addon-api/-/node-addon-api-7.1.1.tgz 1329ms (cache miss)
2052 http fetch GET 200 https://registry.npmjs.org/socket.io-parser/-/socket.io-parser-4.2.7.tgz 1349ms (cache miss)
2053 http fetch GET 200 https://registry.npmjs.org/qs/-/qs-6.15.3.tgz 1335ms (cache miss)
2054 http fetch GET 200 https://registry.npmjs.org/ip-address/-/ip-address-10.7.0.tgz 1389ms (cache miss)
2055 http fetch GET 200 https://registry.npmjs.org/socks/-/socks-2.8.10.tgz 1401ms (cache miss)
2056 http fetch GET 200 https://registry.npmjs.org/tar/-/tar-6.2.1.tgz 1395ms (cache miss)
2057 warn deprecated tar@6.2.1: Old versions of tar are not supported, and contain widely publicized security vulnerabilities, which have been fixed in the current version. Please update. Support for old versions may be purchased (at exorbitant rates) by contacting i@izs.me
2058 http fetch GET 200 https://registry.npmjs.org/iconv-lite/-/iconv-lite-0.4.24.tgz 1391ms (cache miss)
2059 http fetch GET 200 https://registry.npmjs.org/object-inspect/-/object-inspect-1.13.4.tgz 1418ms (cache miss)
2060 http fetch GET 200 https://registry.npmjs.org/bcryptjs/-/bcryptjs-2.4.3.tgz 1401ms (cache miss)
2061 http fetch GET 200 https://registry.npmjs.org/engine.io-parser/-/engine.io-parser-5.2.3.tgz 1433ms (cache miss)
2062 http fetch GET 200 https://registry.npmjs.org/iconv-lite/-/iconv-lite-0.6.3.tgz 1440ms (cache miss)
2063 http fetch GET 200 https://registry.npmjs.org/engine.io/-/engine.io-6.6.10.tgz 1473ms (cache miss)
2064 http fetch GET 200 https://registry.npmjs.org/jake/-/jake-10.9.4.tgz 1468ms (cache miss)
2065 http fetch GET 200 https://registry.npmjs.org/undici-types/-/undici-types-8.3.0.tgz 1499ms (cache miss)
2066 http fetch GET 200 https://registry.npmjs.org/nodemon/-/nodemon-3.1.14.tgz 1523ms (cache miss)
2067 http fetch GET 200 https://registry.npmjs.org/semver/-/semver-7.8.5.tgz 1655ms (cache miss)
2068 http fetch GET 200 https://registry.npmjs.org/socket.io/-/socket.io-4.8.3.tgz 1852ms (cache miss)
2069 http fetch GET 200 https://registry.npmjs.org/minimatch/-/minimatch-10.2.6.tgz 1859ms (cache miss)
2070 http fetch GET 200 https://registry.npmjs.org/sqlite3/-/sqlite3-5.1.7.tgz 1876ms (cache miss)
2071 http fetch GET 200 https://registry.npmjs.org/@socket.io/admin-ui/-/admin-ui-0.5.1.tgz 1974ms (cache miss)
2072 http fetch GET 200 https://registry.npmjs.org/async/-/async-3.2.6.tgz 2108ms (cache miss)
2073 http fetch GET 200 https://registry.npmjs.org/@types/node/-/node-26.4.1.tgz 2133ms (cache miss)
2074 http fetch GET 200 https://registry.npmjs.org/node-gyp/-/node-gyp-8.4.1.tgz 2227ms (cache miss)
2075 info run sqlite3@5.1.7 install node_modules/sqlite3 prebuild-install -r napi || node-gyp rebuild
2076 info run sqlite3@5.1.7 install { code: 0, signal: null }
2077 silly ADD node_modules/concat-map
2078 silly ADD node_modules/isexe
2079 silly ADD node_modules/imurmurhash
2080 silly ADD node_modules/unique-slug
2081 silly ADD node_modules/media-typer
2082 silly ADD node_modules/is-number
2083 silly ADD node_modules/ieee754
2084 silly ADD node_modules/base64-js
2085 silly ADD node_modules/buffer
2086 silly ADD node_modules/fs-constants
2087 silly ADD node_modules/bl
2088 silly ADD node_modules/tar-stream
2089 silly ADD node_modules/has-flag
2090 silly ADD node_modules/ansi-regex
2091 silly ADD node_modules/is-fullwidth-code-point
2092 silly ADD node_modules/emoji-regex
2093 silly ADD node_modules/smart-buffer
2094 silly ADD node_modules/ip-address
2095 silly ADD node_modules/socks
2096 silly ADD node_modules/mimic-response
2097 silly ADD node_modules/simple-concat
2098 silly ADD node_modules/decompress-response
2099 silly ADD node_modules/util-deprecate
2100 silly ADD node_modules/string_decoder
2101 silly ADD node_modules/strip-json-comments
2102 silly ADD node_modules/ini
2103 silly ADD node_modules/deep-extend
2104 silly ADD node_modules/end-of-stream
2105 silly ADD node_modules/retry
2106 silly ADD node_modules/err-code
2107 silly ADD node_modules/tunnel-agent
2108 silly ADD node_modules/tar-fs
2109 silly ADD node_modules/tar-fs/node_modules/chownr
2110 silly ADD node_modules/simple-get
2111 silly ADD node_modules/rc
2112 silly ADD node_modules/pump
2113 silly ADD node_modules/node-abi
2114 silly ADD node_modules/napi-build-utils
2115 silly ADD node_modules/mkdirp-classic
2116 silly ADD node_modules/minimist
2117 silly ADD node_modules/github-from-package
2118 silly ADD node_modules/expand-template
2119 silly ADD node_modules/detect-libc
2120 silly ADD node_modules/indent-string
2121 silly ADD node_modules/clean-stack
2122 silly ADD node_modules/aggregate-error
2123 silly ADD node_modules/wide-align
2124 silly ADD node_modules/strip-ansi
2125 silly ADD node_modules/string-width
2126 silly ADD node_modules/signal-exit
2127 silly ADD node_modules/has-unicode
2128 silly ADD node_modules/color-support
2129 silly ADD node_modules/aproba
2130 silly ADD node_modules/readable-stream
2131 silly ADD node_modules/delegates
2132 silly ADD node_modules/set-blocking
2133 silly ADD node_modules/gauge
2134 silly ADD node_modules/console-control-strings
2135 silly ADD node_modules/are-we-there-yet
2136 silly ADD node_modules/abbrev
2137 silly ADD node_modules/minizlib
2138 silly ADD node_modules/minipass-sized
2139 silly ADD node_modules/encoding
2140 silly ADD node_modules/encoding/node_modules/iconv-lite
2141 silly ADD node_modules/yallist
2142 silly ADD node_modules/agent-base
2143 silly ADD node_modules/@tootallnate/once
2144 silly ADD node_modules/@gar/promisify
2145 silly ADD node_modules/unique-filename
2146 silly ADD node_modules/promise-inflight
2147 silly ADD node_modules/p-map
2148 silly ADD node_modules/mkdirp
2149 silly ADD node_modules/infer-owner
2150 silly ADD node_modules/fs-minipass
2151 silly ADD node_modules/chownr
2152 silly ADD node_modules/@npmcli/move-file
2153 silly ADD node_modules/@npmcli/fs
2154 silly ADD node_modules/humanize-ms
2155 silly ADD node_modules/ssri
2156 silly ADD node_modules/socks-proxy-agent
2157 silly ADD node_modules/promise-retry
2158 silly ADD node_modules/minipass-pipeline
2159 silly ADD node_modules/minipass-flush
2160 silly ADD node_modules/minipass-fetch
2161 silly ADD node_modules/minipass-collect
2162 silly ADD node_modules/minipass
2163 silly ADD node_modules/lru-cache
2164 silly ADD node_modules/is-lambda
2165 silly ADD node_modules/https-proxy-agent
2166 silly ADD node_modules/http-proxy-agent
2167 silly ADD node_modules/http-cache-semantics
2168 silly ADD node_modules/cacache
2169 silly ADD node_modules/agentkeepalive
2170 silly ADD node_modules/wrappy
2171 silly ADD node_modules/path-is-absolute
2172 silly ADD node_modules/once
2173 silly ADD node_modules/inflight
2174 silly ADD node_modules/fs.realpath
2175 silly ADD node_modules/which
2176 silly ADD node_modules/rimraf
2177 silly ADD node_modules/npmlog
2178 silly ADD node_modules/nopt
2179 silly ADD node_modules/make-fetch-happen
2180 silly ADD node_modules/graceful-fs
2181 silly ADD node_modules/glob
2182 silly ADD node_modules/glob/node_modules/brace-expansion
2183 silly ADD node_modules/glob/node_modules/minimatch
2184 silly ADD node_modules/env-paths
2185 silly ADD node_modules/file-uri-to-path
2186 silly ADD node_modules/tar
2187 silly ADD node_modules/tar/node_modules/minipass
2188 silly ADD node_modules/prebuild-install
2189 silly ADD node_modules/node-gyp
2190 silly ADD node_modules/node-addon-api
2191 silly ADD node_modules/bindings
2192 silly ADD node_modules/@socket.io/component-emitter
2193 silly ADD node_modules/undici-types
2194 silly ADD node_modules/ws
2195 silly ADD node_modules/engine.io-parser
2196 silly ADD node_modules/@types/ws
2197 silly ADD node_modules/@types/node
2198 silly ADD node_modules/@types/cors
2199 silly ADD node_modules/socket.io-parser
2200 silly ADD node_modules/socket.io-parser/node_modules/debug
2201 silly ADD node_modules/socket.io-adapter
2202 silly ADD node_modules/socket.io-adapter/node_modules/debug
2203 silly ADD node_modules/engine.io
2204 silly ADD node_modules/engine.io/node_modules/debug
2205 silly ADD node_modules/base64id
2206 silly ADD node_modules/dunder-proto
2207 silly ADD node_modules/math-intrinsics
2208 silly ADD node_modules/hasown
2209 silly ADD node_modules/has-symbols
2210 silly ADD node_modules/gopd
2211 silly ADD node_modules/get-proto
2212 silly ADD node_modules/es-object-atoms
2213 silly ADD node_modules/function-bind
2214 silly ADD node_modules/call-bind-apply-helpers
2215 silly ADD node_modules/get-intrinsic
2216 silly ADD node_modules/call-bound
2217 silly ADD node_modules/side-channel-weakmap
2218 silly ADD node_modules/side-channel-map
2219 silly ADD node_modules/side-channel-list
2220 silly ADD node_modules/object-inspect
2221 silly ADD node_modules/es-errors
2222 silly ADD node_modules/mime
2223 silly ADD node_modules/side-channel
2224 silly ADD node_modules/es-define-property
2225 silly ADD node_modules/ipaddr.js
2226 silly ADD node_modules/forwarded
2227 silly ADD node_modules/ee-first
2228 silly ADD node_modules/is-extglob
2229 silly ADD node_modules/binary-extensions
2230 silly ADD node_modules/to-regex-range
2231 silly ADD node_modules/fill-range
2232 silly ADD node_modules/picomatch
2233 silly ADD node_modules/readdirp
2234 silly ADD node_modules/normalize-path
2235 silly ADD node_modules/is-glob
2236 silly ADD node_modules/is-binary-path
2237 silly ADD node_modules/glob-parent
2238 silly ADD
2239 silly ADD node_modules/braces
2240 silly ADD node_modules/anymatch
2241 silly ADD node_modules/undefsafe
2242 silly ADD node_modules/touch
2243 silly ADD node_modules/supports-color
2244 silly ADD node_modules/simple-update-notifier
2245 silly ADD node_modules/semver
2246 silly ADD node_modules/pstree.remy
2247 silly ADD node_modules/ignore-by-default
2248 silly ADD node_modules/chokidar
2249 silly ADD node_modules/balanced-match
2250 silly ADD node_modules/brace-expansion
2251 silly ADD node_modules/mime-db
2252 silly ADD node_modules/minimatch
2253 silly ADD node_modules/picocolors
2254 silly ADD node_modules/filelist
2255 silly ADD node_modules/async
2256 silly ADD node_modules/safer-buffer
2257 silly ADD node_modules/toidentifier
2258 silly ADD node_modules/inherits
2259 silly ADD node_modules/unpipe
2260 silly ADD node_modules/raw-body
2261 silly ADD node_modules/iconv-lite
2262 silly ADD node_modules/destroy
2263 silly ADD node_modules/bytes
2264 silly ADD node_modules/negotiator
2265 silly ADD node_modules/mime-types
2266 silly ADD node_modules/utils-merge
2267 silly ADD node_modules/type-is
2268 silly ADD node_modules/statuses
2269 silly ADD node_modules/setprototypeof
2270 silly ADD node_modules/serve-static
2271 silly ADD node_modules/send
2272 silly ADD node_modules/send/node_modules/debug
2273 silly ADD node_modules/send/node_modules/debug/node_modules/ms
2274 silly ADD node_modules/safe-buffer
2275 silly ADD node_modules/range-parser
2276 silly ADD node_modules/qs
2277 silly ADD node_modules/proxy-addr
2278 silly ADD node_modules/path-to-regexp
2279 silly ADD node_modules/parseurl
2280 silly ADD node_modules/on-finished
2281 silly ADD node_modules/methods
2282 silly ADD node_modules/merge-descriptors
2283 silly ADD node_modules/http-errors
2284 silly ADD node_modules/fresh
2285 silly ADD node_modules/finalhandler
2286 silly ADD node_modules/finalhandler/node_modules/ms
2287 silly ADD node_modules/finalhandler/node_modules/debug
2288 silly ADD node_modules/etag
2289 silly ADD node_modules/escape-html
2290 silly ADD node_modules/encodeurl
2291 silly ADD node_modules/depd
2292 silly ADD node_modules/cookie-signature
2293 silly ADD node_modules/cookie
2294 silly ADD node_modules/content-type
2295 silly ADD node_modules/content-disposition
2296 silly ADD node_modules/body-parser
2297 silly ADD node_modules/body-parser/node_modules/ms
2298 silly ADD node_modules/body-parser/node_modules/debug
2299 silly ADD node_modules/array-flatten
2300 silly ADD node_modules/accepts
2301 silly ADD node_modules/jake
2302 silly ADD node_modules/ms
2303 silly ADD node_modules/vary
2304 silly ADD node_modules/object-assign
2305 silly ADD node_modules/debug
2306 silly ADD node_modules/@types/bcryptjs
2307 silly ADD node_modules/sqlite3
2308 silly ADD node_modules/nodemon
2309 silly ADD node_modules/nodemon/node_modules/balanced-match
2310 silly ADD node_modules/nodemon/node_modules/brace-expansion
2311 silly ADD node_modules/nodemon/node_modules/minimatch
2312 silly ADD node_modules/express
2313 silly ADD node_modules/express/node_modules/ms
2314 silly ADD node_modules/express/node_modules/debug
2315 silly ADD node_modules/ejs
2316 silly ADD node_modules/dotenv
2317 silly ADD node_modules/cors
2318 silly ADD node_modules/bcryptjs
2319 silly ADD node_modules/socket.io
2320 silly ADD node_modules/socket.io/node_modules/debug
2321 silly ADD node_modules/@socket.io/admin-ui
2322 verbose cwd C:\Users\SMG26\Downloads\New folder (12)\vibecodepokemontcg2 bionic mirror\server
2323 verbose os Windows_NT 10.0.26200
2324 verbose node v25.5.0
2325 verbose npm  v10.9.2
2326 verbose exit 0
2327 info ok
